network,n_nodes,n_edges,density,transitivity
corr_all,38,38,0.05405405405405406,0.21212121212121213
corr_stable,38,22,0.031294452347083924,0.18181818181818182
