term,Df,Sum Sq,Mean Sq,F,N.Perm,Pr(>F)
Groups,2,0.1452106694439709,0.07260533472198545,11.877154112123236,999,0.001
Residuals,20,0.12226049108494064,0.006113024554247032,NA,NA,NA
