term,Df,SumOfSqs,R2,F,Pr(>F)
Model,2,0.6693230265707183,0.48999111207140433,9.60750143123008,0.001
Residual,20,0.6966671109670838,0.5100088879285956,NA,NA
Total,22,1.3659901375378023,1,NA,NA
