term,Df,Sum Sq,Mean Sq,F,N.Perm,Pr(>F)
Groups,2,0.015261401897512383,0.0076307009487561915,2.420159493669011,999,0.103
Residuals,20,0.06305948817602838,0.003152974408801419,NA,NA,NA
