scale,flavor,Df,F,R2,p,sig
Coral (strata=reef),Abundance,2,2.6647360165908074,0.11503416290530129,1,
Coral (strata=reef),Proportion,2,2.2874611654244967,0.1003824493136282,1,
Reef,Abundance,2,9.60750143123008,0.4899911120714044,0.001,**
Reef,Proportion,2,1.658657905841368,0.14226833990989018,0.045,*
Reef,Per-colony density,2,2.012796313811636,0.16755435297753582,0.015,*
