contrast,ratio,SE,df,asymp.LCL,asymp.UCL,null,z.ratio,p.value
treatment1 / treatment3,0.3497741644083111,0.055860620469733585,Inf,0.2405643010360528,0.508562432416758,1,-6.577557069731852,1.4348111587736412e-10
treatment1 / treatment6,0.18281397544853628,0.038288735748017,Inf,0.11189961686299599,0.298669026366881,1,-8.113437391759513,3.8746783559417963e-14
treatment3 / treatment6,0.5226628895184129,0.12381104230611226,Inf,0.2999899504831538,0.9106188245298477,1,-2.738959260102504,0.016962002135421983
