term,LR Chisq,Df,Pr(>Chisq)
treatment,105.54976653962802,2,1.2027058207388406e-23
