contrast,ratio,SE,df,asymp.LCL,asymp.UCL,null,z.ratio,p.value
treatment1 / treatment3,1.1446850783104616,0.21067506812359282,Inf,0.7436238920505853,1.7620519492634774,1,0.7342149714976577,0.7431410281716178
treatment1 / treatment6,1.1634568949102198,0.25807042154634996,Inf,0.6917928444716182,1.9567012829512789,1,0.682535867372853,0.7736868753984443
treatment3 / treatment6,1.016399110074419,0.24500262251286245,Inf,0.5777107045710078,1.7882084281737487,1,0.06748028343992551,0.997492647827454
