term,Chisq,Df,Pr(>Chisq)
(Intercept),1671.368083172408,1,0
treatment,0.77047791382918,2,0.6802880572454862
