Df,SumOfSqs,R2,F,Pr(>F)
2,0.8484134640622241,0.20521487465397265,3.0984204627326575,0.003
24,3.2858553870276124,0.7947851253460276,NA,NA
26,4.1342688510898356,1,NA,NA
