effect,term,estimate,std.error,statistic,df,p.value,conf.low,conf.high
fixed,(Intercept),0.09796863675959885,0.29160252731835995,0.33596635001945857,13.358956227118263,0.7421145921588541,-0.5302839282396049,0.7262212017588027
fixed,SQRT_CS_PC1,0.3005605252132315,0.11637333635434449,2.5827267192723298,33.41295187221822,0.01436384669893374,0.06390830472976883,0.5372127456966942
