term,Chisq,Df,Pr(>Chisq)
(Intercept),0.11293885846561762,1,0.736822777390622
RAW_PC1,6.679374119083239,1,0.00975348657001375
