term,Chisq,Df,Pr(>Chisq)
(Intercept),1.0150746965020957e-4,1,0.9919613760041303
HELLINGER_PC1,4.200575479111822,1,0.04041026359773346
