term,Chisq,Df,Pr(>Chisq)
(Intercept),0.16719639860528232,1,0.682615571985212
comm_PC1,1.8791777477765936,1,0.17042763149510687
comm_PC2,0.6783286091357822,1,0.4101628563104456
comm_PC3,0.6101835382571367,1,0.4347187131180648
