term,Chisq,Df,Pr(>Chisq)
(Intercept),1.495743223521148,1,0.22132749997996876
SQRT_PC1,2.1249560319285044,1,0.14491693925096358
