term,Chisq,Df,Pr(>Chisq)
(Intercept),0.05200430402737719,1,0.8196116286871581
commRaw_PC1,3.0261361201710386,1,0.0819329176649407
