Matrix,Estimate,Std_Error,DF,t_stat,p_value,CI_lower,CI_upper
SQRT_CS,0.3005605252132315,0.11637333635434449,33.41295187221822,2.5827267192723298,0.01436384669893374,0.06390830472976883,0.5372127456966942
HELLINGER,0.3111636323612445,0.10770077150171506,25.159258519063915,2.8891495206818405,0.00783838160422457,0.08942091464960808,0.5329063500728809
SQRT,0.17941878154282462,0.12308154206823972,37.084196041498174,1.4577228927092092,0.153334071937088,-0.06994900048900726,0.4287865635746565
