term,Chisq,Df,Pr(>Chisq)
(Intercept),0.07468623592717673,1,0.7846319725989656
HELLINGER_PC1,8.347184952856109,1,0.0038628534968158284
