term,Chisq,Df,Pr(>Chisq)
(Intercept),0.11287338834539737,1,0.736896241836607
SQRT_CS_PC1,6.670477306443212,1,0.009802293341402965
