term,Chisq,Df,Pr(>Chisq)
(Intercept),0.052004304027390674,1,0.8196116286871352
RAW_PC1,3.0261361201711567,1,0.08193291766493473
