term,Chisq,Df,Pr(>Chisq)
(Intercept),1.015074700244957e-4,1,0.9919613759893103
comm_PC1,4.200575479145748,1,0.040410263596925074
