test,df_diff,LRT,p.value,logLik_H0,logLik_H1
LRT: free vs proportional (NB GLM),2,0.23853486688011571,0.8875704030131453,-146.44540870841064,-146.32614127497058
