term,df,Variance,statistic,p.value,axis
RDA1,1,0.412197074143131,5.767209562065131,0.05,RDA1
RDA2,1,0.0698172283866764,0.976839993310358,0.865,RDA2
RDA3,1,0.01262899526120467,0.1766971839407185,0.999,RDA3
RDA4,1,0.0030428067877152883,0.04257309307230737,0.999,RDA4
Residual,17,1.2150330562852,NA,NA,RDA5
