term,df,Variance,statistic,p.value
Model,26,38842846239.14489,1.9335628537781775,0.045
Residual,17,13134947006.390955,NA,NA
