term,df,Variance,statistic,p.value
Model,4,0.4976861045787273,1.7408299580971287,0.056
Residual,17,1.2150330562852,NA,NA
