contrast,estimate,SE,df,lower.CL,upper.CL,t.ratio,p.value
treatment1 - treatment3,-2.2654636081975847,1.0617264968726052,24,-4.916899513516003,0.3859722971208335,-2.1337544225096363,0.10410421222389754
treatment1 - treatment6,-3.601838604755401,1.4045321355463563,24,-7.1093586161053715,-0.09431859340543092,-2.564440153129215,0.04335866001028499
treatment3 - treatment6,-1.3363749965578164,1.5925897453089095,24,-5.313528854535448,2.640778861419815,-0.8391206840896769,0.6828533355153706
