term,Sum Sq,Df,F value,Pr(>F)
(Intercept),1918.7292230346457,1,378.2473242485113,3.374686447570679e-16
treatment,47.666382863966405,2,4.698339285828147,0.01897123396855476
Residuals,121.74442064942839,24,NA,NA
