term,df,Variance,statistic,p.value
RDA1,1,0.650407917774763,6.019140683853869,0.012
RDA2,1,0.024884810711826865,0.23029420840696224,0.996
RDA3,1,0.002443002000926049,0.022608538937871087,0.999
Residual,40,4.322264269512484,NA,NA
