term,Df,Variance,F,Pr(>F)
Model,3,0.4280336048632494,1.9990896738766943,0.022
Residual,18,1.2846855560006785,NA,NA
