term,df,Variance,statistic,p.value
Model,3,0.677735730487516,2.090681143732901,0.035
Residual,40,4.322264269512485,NA,NA
