axis,Df,Variance,F,Pr(>F)
RDA1,1,0.39477989551772774,5.531344293650132,0.014
RDA2,1,0.025775671013267856,0.3611483573328012,0.975
RDA3,1,0.007478038332253822,0.10477637064715135,0.98
Residual,18,1.2846855560006771,NA,NA
