term,LR Chisq,Df,Pr(>Chisq)
treatment,95.1515307593063,2,2.1782495013824076e-21
