contrast,ratio,SE,df,asymp.LCL,asymp.UCL,null,z.ratio,p.value
treatment1 / treatment3,0.5333333333333334,0.05281935761191434,Inf,0.4228574799833536,0.6726721363794774,1,-6.347255378515043,6.574734090492029e-10
treatment1 / treatment6,0.35452793834296686,0.04088298436814391,Inf,0.27056689951164514,0.46454336909864635,1,-8.992351643671132,1.9984014443252818e-14
treatment3 / treatment6,0.6647398843930626,0.08486793329212416,Inf,0.49283452601106764,0.8966074627104738,1,-3.1985322816182156,0.003947834676031214
