result_key,result_label,analysis_scope,scenario_id,scenario_type,requested_n_species,n_species_full_scope,n_species_condition_scope,metric,estimate,statistic,df,R2,p_value,significant,direction,n_units,details,stars
alpha_rarefied_richness_treatment,Treatment effect on rarefied richness,condition-subset coral-level alpha diversity,damselfish_only,functional_subset,5,5,5,LMM treatment LRT; estimate is mean(6) - mean(1),-0.3285714285714286,10.612923095349899,2,NA,0.00495944446434214,TRUE,negative,44,NA,**
alpha_rarefied_richness_treatment,Treatment effect on rarefied richness,condition-subset coral-level alpha diversity,obligate_plus_damselfish,functional_subset,27,27,26,LMM treatment LRT; estimate is mean(6) - mean(1),0.5108009067534311,2.3349867866627534,2,NA,0.3111458849550578,FALSE,positive,44,NA,NS
alpha_rarefied_richness_treatment,Treatment effect on rarefied richness,condition-subset coral-level alpha diversity,top_005_by_abundance,ranked_top_N,5,5,5,LMM treatment LRT; estimate is mean(6) - mean(1),-0.13493840551754088,1.9861056255949947,2,NA,0.37044406666914154,FALSE,negative,44,NA,NS
alpha_rarefied_richness_treatment,Treatment effect on rarefied richness,condition-subset coral-level alpha diversity,top_010_by_abundance,ranked_top_N,10,10,10,LMM treatment LRT; estimate is mean(6) - mean(1),0.19368419166876993,0.703053388537171,2,NA,0.7036130672751058,FALSE,positive,44,NA,NS
alpha_rarefied_richness_treatment,Treatment effect on rarefied richness,condition-subset coral-level alpha diversity,top_015_by_abundance,ranked_top_N,15,15,15,LMM treatment LRT; estimate is mean(6) - mean(1),0.648559433273963,2.481932745237401,2,NA,0.2891047000355274,FALSE,positive,44,NA,NS
alpha_rarefied_richness_treatment,Treatment effect on rarefied richness,condition-subset coral-level alpha diversity,top_020_by_abundance,ranked_top_N,20,20,20,LMM treatment LRT; estimate is mean(6) - mean(1),1.016995556564133,5.089261491049086,2,NA,0.0785020338568818,FALSE,positive,44,NA,.
alpha_rarefied_richness_treatment,Treatment effect on rarefied richness,condition-subset coral-level alpha diversity,top_025_by_abundance,ranked_top_N,25,25,25,LMM treatment LRT; estimate is mean(6) - mean(1),1.1560797047650127,5.092695638373442,2,NA,0.07836735574133105,FALSE,positive,44,NA,.
alpha_rarefied_richness_treatment,Treatment effect on rarefied richness,condition-subset coral-level alpha diversity,top_030_by_abundance,ranked_top_N,30,30,30,LMM treatment LRT; estimate is mean(6) - mean(1),1.4025833307132949,6.187337861892985,2,NA,0.045335316753923806,TRUE,positive,44,NA,*
alpha_rarefied_richness_treatment,Treatment effect on rarefied richness,condition-subset coral-level alpha diversity,top_038_by_abundance,ranked_top_N,38,38,38,LMM treatment LRT; estimate is mean(6) - mean(1),1.7086680778473937,6.900278980303995,2,NA,0.03174120848325536,TRUE,positive,44,NA,*
alpha_rarefied_richness_treatment,Treatment effect on rarefied richness,condition-subset coral-level alpha diversity,top_050_by_abundance,ranked_top_N,50,50,50,LMM treatment LRT; estimate is mean(6) - mean(1),1.8126496786061672,6.793172064828525,2,NA,0.033487399929357745,TRUE,positive,44,NA,*
alpha_rarefied_richness_treatment,Treatment effect on rarefied richness,condition-subset coral-level alpha diversity,top_075_by_abundance,ranked_top_N,75,75,71,LMM treatment LRT; estimate is mean(6) - mean(1),2.006806984903191,7.5541876847538845,2,NA,0.022889114234584573,TRUE,positive,44,NA,*
alpha_rarefied_richness_treatment,Treatment effect on rarefied richness,condition-subset coral-level alpha diversity,top_100_by_abundance,ranked_top_N,100,100,85,LMM treatment LRT; estimate is mean(6) - mean(1),2.001599366566456,6.935624220385648,2,NA,0.031185185826081766,TRUE,positive,44,NA,*
alpha_rarefied_richness_treatment,Treatment effect on rarefied richness,condition-subset coral-level alpha diversity,all_observed_species,reference_full,118,118,96,LMM treatment LRT; estimate is mean(6) - mean(1),2.0088172340504595,6.892140980461875,2,NA,0.031870626580620065,TRUE,positive,44,NA,*
alpha_rarefied_richness_treatment,Treatment effect on rarefied richness,condition-subset coral-level alpha diversity,main_38_10x10_corrected,reference_main,38,38,38,LMM treatment LRT; estimate is mean(6) - mean(1),1.6711028094861398,6.834469773920688,2,NA,0.03280301369196141,TRUE,positive,44,NA,*
alpha_richness_treatment,Treatment effect on richness,condition-subset coral-level alpha diversity,damselfish_only,functional_subset,5,5,5,LMM treatment LRT; estimate is mean(6) - mean(1),-0.5761904761904761,3.6044250121466064,2,NA,0.1649335677134334,FALSE,negative,44,NA,NS
alpha_richness_treatment,Treatment effect on richness,condition-subset coral-level alpha diversity,obligate_plus_damselfish,functional_subset,27,27,26,LMM treatment LRT; estimate is mean(6) - mean(1),-1.3952380952380956,3.603113789377062,2,NA,0.16504173549229662,FALSE,negative,44,NA,NS
alpha_richness_treatment,Treatment effect on richness,condition-subset coral-level alpha diversity,top_005_by_abundance,ranked_top_N,5,5,5,LMM treatment LRT; estimate is mean(6) - mean(1),-0.5904761904761902,5.465134975349756,2,NA,0.06505205472443631,FALSE,negative,44,NA,.
alpha_richness_treatment,Treatment effect on richness,condition-subset coral-level alpha diversity,top_010_by_abundance,ranked_top_N,10,10,10,LMM treatment LRT; estimate is mean(6) - mean(1),-0.47142857142857153,3.247692943454524,2,NA,0.19713894944720534,FALSE,negative,44,NA,NS
alpha_richness_treatment,Treatment effect on richness,condition-subset coral-level alpha diversity,top_015_by_abundance,ranked_top_N,15,15,15,LMM treatment LRT; estimate is mean(6) - mean(1),0.05714285714285694,1.100635299788479,2,NA,0.5767665714386938,FALSE,positive,44,NA,NS
alpha_richness_treatment,Treatment effect on richness,condition-subset coral-level alpha diversity,top_020_by_abundance,ranked_top_N,20,20,20,LMM treatment LRT; estimate is mean(6) - mean(1),1.0428571428571427,1.3853254549335645,2,NA,0.5002422852297573,FALSE,positive,44,NA,NS
alpha_richness_treatment,Treatment effect on richness,condition-subset coral-level alpha diversity,top_025_by_abundance,ranked_top_N,25,25,25,LMM treatment LRT; estimate is mean(6) - mean(1),1.076190476190476,1.0997176075721882,2,NA,0.5770312792607395,FALSE,positive,44,NA,NS
alpha_richness_treatment,Treatment effect on richness,condition-subset coral-level alpha diversity,top_030_by_abundance,ranked_top_N,30,30,30,LMM treatment LRT; estimate is mean(6) - mean(1),2.0952380952380967,2.5132276389417996,2,NA,0.2846161582979512,FALSE,positive,44,NA,NS
alpha_richness_treatment,Treatment effect on richness,condition-subset coral-level alpha diversity,top_038_by_abundance,ranked_top_N,38,38,38,LMM treatment LRT; estimate is mean(6) - mean(1),2.923809523809524,2.8109092148210095,2,NA,0.24525553612167425,FALSE,positive,44,NA,NS
alpha_richness_treatment,Treatment effect on richness,condition-subset coral-level alpha diversity,top_050_by_abundance,ranked_top_N,50,50,50,LMM treatment LRT; estimate is mean(6) - mean(1),3.119047619047617,2.112935959679646,2,NA,0.34768166283023305,FALSE,positive,44,NA,NS
alpha_richness_treatment,Treatment effect on richness,condition-subset coral-level alpha diversity,top_075_by_abundance,ranked_top_N,75,75,71,LMM treatment LRT; estimate is mean(6) - mean(1),4.328571428571426,5.525125229668504,2,NA,0.06312978357610696,FALSE,positive,44,NA,.
alpha_richness_treatment,Treatment effect on richness,condition-subset coral-level alpha diversity,top_100_by_abundance,ranked_top_N,100,100,85,LMM treatment LRT; estimate is mean(6) - mean(1),4.366666666666667,5.369124204319803,2,NA,0.068251074451634,FALSE,positive,44,NA,.
alpha_richness_treatment,Treatment effect on richness,condition-subset coral-level alpha diversity,all_observed_species,reference_full,118,118,96,LMM treatment LRT; estimate is mean(6) - mean(1),4.414285714285715,5.029630197499131,2,NA,0.08087786524265939,FALSE,positive,44,NA,.
alpha_richness_treatment,Treatment effect on richness,condition-subset coral-level alpha diversity,main_38_10x10_corrected,reference_main,38,38,38,LMM treatment LRT; estimate is mean(6) - mean(1),2.7857142857142847,2.7773431103926214,2,NA,0.24940640730295183,FALSE,positive,44,NA,NS
alpha_shannon_treatment,Treatment effect on shannon,condition-subset coral-level alpha diversity,damselfish_only,functional_subset,5,5,5,LMM treatment LRT; estimate is mean(6) - mean(1),-0.11651261818472886,0.8631780122798602,2,NA,0.6494762525912875,FALSE,negative,44,NA,NS
alpha_shannon_treatment,Treatment effect on shannon,condition-subset coral-level alpha diversity,obligate_plus_damselfish,functional_subset,27,27,26,LMM treatment LRT; estimate is mean(6) - mean(1),0.0944543209060269,2.007503999448822,2,NA,0.36650174378586714,FALSE,positive,44,NA,NS
alpha_shannon_treatment,Treatment effect on shannon,condition-subset coral-level alpha diversity,top_005_by_abundance,ranked_top_N,5,5,5,LMM treatment LRT; estimate is mean(6) - mean(1),-0.05896613404901929,1.4414033960176873,2,NA,0.48641082267670144,FALSE,negative,44,NA,NS
alpha_shannon_treatment,Treatment effect on shannon,condition-subset coral-level alpha diversity,top_010_by_abundance,ranked_top_N,10,10,10,LMM treatment LRT; estimate is mean(6) - mean(1),0.02973829910619319,0.389858892431155,2,NA,0.8228927142031146,FALSE,positive,44,NA,NS
alpha_shannon_treatment,Treatment effect on shannon,condition-subset coral-level alpha diversity,top_015_by_abundance,ranked_top_N,15,15,15,LMM treatment LRT; estimate is mean(6) - mean(1),0.12025959214325455,1.7460904685023895,2,NA,0.41767768423339224,FALSE,positive,44,NA,NS
alpha_shannon_treatment,Treatment effect on shannon,condition-subset coral-level alpha diversity,top_020_by_abundance,ranked_top_N,20,20,20,LMM treatment LRT; estimate is mean(6) - mean(1),0.1920647833627478,4.432208907472145,2,NA,0.1090330257910582,FALSE,positive,44,NA,NS
alpha_shannon_treatment,Treatment effect on shannon,condition-subset coral-level alpha diversity,top_025_by_abundance,ranked_top_N,25,25,25,LMM treatment LRT; estimate is mean(6) - mean(1),0.2092658907963929,4.686874227283942,2,NA,0.0959971175350185,FALSE,positive,44,NA,.
alpha_shannon_treatment,Treatment effect on shannon,condition-subset coral-level alpha diversity,top_030_by_abundance,ranked_top_N,30,30,30,LMM treatment LRT; estimate is mean(6) - mean(1),0.25295907994480693,6.224241807457032,2,NA,0.04450646124965389,TRUE,positive,44,NA,*
alpha_shannon_treatment,Treatment effect on shannon,condition-subset coral-level alpha diversity,top_038_by_abundance,ranked_top_N,38,38,38,LMM treatment LRT; estimate is mean(6) - mean(1),0.2946783186408357,7.602487939076292,2,NA,0.022342960599196354,TRUE,positive,44,NA,*
alpha_shannon_treatment,Treatment effect on shannon,condition-subset coral-level alpha diversity,top_050_by_abundance,ranked_top_N,50,50,50,LMM treatment LRT; estimate is mean(6) - mean(1),0.3082981756321397,7.599159638430834,2,NA,0.022380173599713515,TRUE,positive,44,NA,*
alpha_shannon_treatment,Treatment effect on shannon,condition-subset coral-level alpha diversity,top_075_by_abundance,ranked_top_N,75,75,71,LMM treatment LRT; estimate is mean(6) - mean(1),0.34545356457420207,8.633191359333981,2,NA,0.013345237762758843,TRUE,positive,44,NA,*
alpha_shannon_treatment,Treatment effect on shannon,condition-subset coral-level alpha diversity,top_100_by_abundance,ranked_top_N,100,100,85,LMM treatment LRT; estimate is mean(6) - mean(1),0.34514245207529415,8.120736999274243,2,NA,0.017242664029056977,TRUE,positive,44,NA,*
alpha_shannon_treatment,Treatment effect on shannon,condition-subset coral-level alpha diversity,all_observed_species,reference_full,118,118,96,LMM treatment LRT; estimate is mean(6) - mean(1),0.3460721117026653,8.104537862695764,2,NA,0.017382889279244626,TRUE,positive,44,NA,*
alpha_shannon_treatment,Treatment effect on shannon,condition-subset coral-level alpha diversity,main_38_10x10_corrected,reference_main,38,38,38,LMM treatment LRT; estimate is mean(6) - mean(1),0.28747362679258126,7.402854821382062,2,NA,0.02468826101946422,TRUE,positive,44,NA,*
alpha_simpson_treatment,Treatment effect on simpson,condition-subset coral-level alpha diversity,damselfish_only,functional_subset,5,5,5,LMM treatment LRT; estimate is mean(6) - mean(1),0.2519625699014186,8.696666411515146,2,NA,0.012928343520215513,TRUE,positive,44,NA,*
alpha_simpson_treatment,Treatment effect on simpson,condition-subset coral-level alpha diversity,obligate_plus_damselfish,functional_subset,27,27,26,LMM treatment LRT; estimate is mean(6) - mean(1),0.06456438001715803,3.408179718938527,2,NA,0.18193789990034379,FALSE,positive,44,NA,NS
alpha_simpson_treatment,Treatment effect on simpson,condition-subset coral-level alpha diversity,top_005_by_abundance,ranked_top_N,5,5,5,LMM treatment LRT; estimate is mean(6) - mean(1),-0.012542727444981416,0.17593781932696118,2,NA,0.9157893484797501,FALSE,negative,44,NA,NS
alpha_simpson_treatment,Treatment effect on simpson,condition-subset coral-level alpha diversity,top_010_by_abundance,ranked_top_N,10,10,10,LMM treatment LRT; estimate is mean(6) - mean(1),0.01866102485251575,0.34857926489073066,2,NA,0.8400535556547006,FALSE,positive,44,NA,NS
alpha_simpson_treatment,Treatment effect on simpson,condition-subset coral-level alpha diversity,top_015_by_abundance,ranked_top_N,15,15,15,LMM treatment LRT; estimate is mean(6) - mean(1),0.0361061275002279,1.4384850952131245,2,NA,0.4871210872897123,FALSE,positive,44,NA,NS
alpha_simpson_treatment,Treatment effect on simpson,condition-subset coral-level alpha diversity,top_020_by_abundance,ranked_top_N,20,20,20,LMM treatment LRT; estimate is mean(6) - mean(1),0.04797601375931593,3.1529891032196957,2,NA,0.20669840028969025,FALSE,positive,44,NA,NS
alpha_simpson_treatment,Treatment effect on simpson,condition-subset coral-level alpha diversity,top_025_by_abundance,ranked_top_N,25,25,25,LMM treatment LRT; estimate is mean(6) - mean(1),0.051212316074770614,3.6701841419315713,2,NA,0.15959880667536389,FALSE,positive,44,NA,NS
alpha_simpson_treatment,Treatment effect on simpson,condition-subset coral-level alpha diversity,top_030_by_abundance,ranked_top_N,30,30,30,LMM treatment LRT; estimate is mean(6) - mean(1),0.05534200556023117,4.308500548396509,2,NA,0.11599011880746928,FALSE,positive,44,NA,NS
alpha_simpson_treatment,Treatment effect on simpson,condition-subset coral-level alpha diversity,top_038_by_abundance,ranked_top_N,38,38,38,LMM treatment LRT; estimate is mean(6) - mean(1),0.05916510146974219,5.074107261895776,2,NA,0.07909911196990155,FALSE,positive,44,NA,.
alpha_simpson_treatment,Treatment effect on simpson,condition-subset coral-level alpha diversity,top_050_by_abundance,ranked_top_N,50,50,50,LMM treatment LRT; estimate is mean(6) - mean(1),0.05973293876371899,5.2000165436848675,2,NA,0.07427296383753891,FALSE,positive,44,NA,.
alpha_simpson_treatment,Treatment effect on simpson,condition-subset coral-level alpha diversity,top_075_by_abundance,ranked_top_N,75,75,71,LMM treatment LRT; estimate is mean(6) - mean(1),0.06282972070509074,5.712809895451059,2,NA,0.057475014978410094,FALSE,positive,44,NA,.
alpha_simpson_treatment,Treatment effect on simpson,condition-subset coral-level alpha diversity,top_100_by_abundance,ranked_top_N,100,100,85,LMM treatment LRT; estimate is mean(6) - mean(1),0.06287654586148739,5.639577652944993,2,NA,0.05961853123525634,FALSE,positive,44,NA,.
alpha_simpson_treatment,Treatment effect on simpson,condition-subset coral-level alpha diversity,all_observed_species,reference_full,118,118,96,LMM treatment LRT; estimate is mean(6) - mean(1),0.06272207472964397,5.644315658787519,2,NA,0.059477461923380034,FALSE,positive,44,NA,.
alpha_simpson_treatment,Treatment effect on simpson,condition-subset coral-level alpha diversity,main_38_10x10_corrected,reference_main,38,38,38,LMM treatment LRT; estimate is mean(6) - mean(1),0.058194973438914444,4.927529976303063,2,NA,0.08511389415599978,FALSE,positive,44,NA,.
beta_permanova_bray_sqrt,Treatment effect on community composition: bray_sqrt,condition-subset reef-level beta diversity,damselfish_only,functional_subset,5,5,5,PERMANOVA/adonis2,0.1372036412126011,1.510709425514496,2,0.1372036412126011,0.222,FALSE,NA,22,NA,NS
beta_permanova_bray_sqrt,Treatment effect on community composition: bray_sqrt,condition-subset reef-level beta diversity,obligate_plus_damselfish,functional_subset,27,27,26,PERMANOVA/adonis2,0.2800482797557577,3.889820273792135,2,0.2800482797557577,0.001,TRUE,NA,23,NA,**
beta_permanova_bray_sqrt,Treatment effect on community composition: bray_sqrt,condition-subset reef-level beta diversity,top_005_by_abundance,ranked_top_N,5,5,5,PERMANOVA/adonis2,0.3205241511589166,4.717226546103203,2,0.3205241511589166,0.001,TRUE,NA,23,NA,**
beta_permanova_bray_sqrt,Treatment effect on community composition: bray_sqrt,condition-subset reef-level beta diversity,top_010_by_abundance,ranked_top_N,10,10,10,PERMANOVA/adonis2,0.33704633255052907,5.084010378089024,2,0.33704633255052907,0.001,TRUE,NA,23,NA,**
beta_permanova_bray_sqrt,Treatment effect on community composition: bray_sqrt,condition-subset reef-level beta diversity,top_015_by_abundance,ranked_top_N,15,15,15,PERMANOVA/adonis2,0.3459388026800097,5.289089218218275,2,0.3459388026800097,0.001,TRUE,NA,23,NA,**
beta_permanova_bray_sqrt,Treatment effect on community composition: bray_sqrt,condition-subset reef-level beta diversity,top_020_by_abundance,ranked_top_N,20,20,20,PERMANOVA/adonis2,0.3164231536879583,4.628933168159358,2,0.3164231536879583,0.001,TRUE,NA,23,NA,**
beta_permanova_bray_sqrt,Treatment effect on community composition: bray_sqrt,condition-subset reef-level beta diversity,top_025_by_abundance,ranked_top_N,25,25,25,PERMANOVA/adonis2,0.31044318095513757,4.50206817452907,2,0.31044318095513757,0.001,TRUE,NA,23,NA,**
beta_permanova_bray_sqrt,Treatment effect on community composition: bray_sqrt,condition-subset reef-level beta diversity,top_030_by_abundance,ranked_top_N,30,30,30,PERMANOVA/adonis2,0.31506811747572255,4.599991992116895,2,0.31506811747572255,0.001,TRUE,NA,23,NA,**
beta_permanova_bray_sqrt,Treatment effect on community composition: bray_sqrt,condition-subset reef-level beta diversity,top_038_by_abundance,ranked_top_N,38,38,38,PERMANOVA/adonis2,0.3071949161914701,4.43407422045375,2,0.3071949161914701,0.001,TRUE,NA,23,NA,**
beta_permanova_bray_sqrt,Treatment effect on community composition: bray_sqrt,condition-subset reef-level beta diversity,top_050_by_abundance,ranked_top_N,50,50,50,PERMANOVA/adonis2,0.2986672374299298,4.258566737071403,2,0.2986672374299298,0.001,TRUE,NA,23,NA,**
beta_permanova_bray_sqrt,Treatment effect on community composition: bray_sqrt,condition-subset reef-level beta diversity,top_075_by_abundance,ranked_top_N,75,75,71,PERMANOVA/adonis2,0.30128443144207745,4.31197535878437,2,0.30128443144207745,0.001,TRUE,NA,23,NA,**
beta_permanova_bray_sqrt,Treatment effect on community composition: bray_sqrt,condition-subset reef-level beta diversity,top_100_by_abundance,ranked_top_N,100,100,85,PERMANOVA/adonis2,0.2966940688839368,4.218563440992437,2,0.2966940688839368,0.001,TRUE,NA,23,NA,**
beta_permanova_bray_sqrt,Treatment effect on community composition: bray_sqrt,condition-subset reef-level beta diversity,all_observed_species,reference_full,118,118,96,PERMANOVA/adonis2,0.29436257591284376,4.171583958909834,2,0.29436257591284376,0.001,TRUE,NA,23,NA,**
beta_permanova_bray_sqrt,Treatment effect on community composition: bray_sqrt,condition-subset reef-level beta diversity,main_38_10x10_corrected,reference_main,38,38,38,PERMANOVA/adonis2,0.30614121043320736,4.412154389862886,2,0.30614121043320736,0.001,TRUE,NA,23,NA,**
beta_permanova_gower_sqrt_z,Treatment effect on community composition: gower_sqrt_z,condition-subset reef-level beta diversity,damselfish_only,functional_subset,5,5,5,PERMANOVA/adonis2,0.2865167668771342,3.814959005300195,2,0.2865167668771342,0.001,TRUE,NA,22,NA,**
beta_permanova_gower_sqrt_z,Treatment effect on community composition: gower_sqrt_z,condition-subset reef-level beta diversity,obligate_plus_damselfish,functional_subset,27,27,26,PERMANOVA/adonis2,0.45276086196558335,8.273546800614774,2,0.45276086196558335,0.001,TRUE,NA,23,NA,**
beta_permanova_gower_sqrt_z,Treatment effect on community composition: gower_sqrt_z,condition-subset reef-level beta diversity,top_005_by_abundance,ranked_top_N,5,5,5,PERMANOVA/adonis2,0.5225364000907226,10.944004950115762,2,0.5225364000907226,0.001,TRUE,NA,23,NA,**
beta_permanova_gower_sqrt_z,Treatment effect on community composition: gower_sqrt_z,condition-subset reef-level beta diversity,top_010_by_abundance,ranked_top_N,10,10,10,PERMANOVA/adonis2,0.532429011420737,11.38712675563015,2,0.532429011420737,0.001,TRUE,NA,23,NA,**
beta_permanova_gower_sqrt_z,Treatment effect on community composition: gower_sqrt_z,condition-subset reef-level beta diversity,top_015_by_abundance,ranked_top_N,15,15,15,PERMANOVA/adonis2,0.5767974685811528,13.629348261395236,2,0.5767974685811528,0.002,TRUE,NA,23,NA,**
beta_permanova_gower_sqrt_z,Treatment effect on community composition: gower_sqrt_z,condition-subset reef-level beta diversity,top_020_by_abundance,ranked_top_N,20,20,20,PERMANOVA/adonis2,0.5382122381571453,11.654969720490291,2,0.5382122381571453,0.001,TRUE,NA,23,NA,**
beta_permanova_gower_sqrt_z,Treatment effect on community composition: gower_sqrt_z,condition-subset reef-level beta diversity,top_025_by_abundance,ranked_top_N,25,25,25,PERMANOVA/adonis2,0.49557902391272984,9.824710854748226,2,0.49557902391272984,0.001,TRUE,NA,23,NA,**
beta_permanova_gower_sqrt_z,Treatment effect on community composition: gower_sqrt_z,condition-subset reef-level beta diversity,top_030_by_abundance,ranked_top_N,30,30,30,PERMANOVA/adonis2,0.5079630212282844,10.32367572242894,2,0.5079630212282844,0.001,TRUE,NA,23,NA,**
beta_permanova_gower_sqrt_z,Treatment effect on community composition: gower_sqrt_z,condition-subset reef-level beta diversity,top_038_by_abundance,ranked_top_N,38,38,38,PERMANOVA/adonis2,0.5035933489013968,10.14477440596109,2,0.5035933489013968,0.001,TRUE,NA,23,NA,**
beta_permanova_gower_sqrt_z,Treatment effect on community composition: gower_sqrt_z,condition-subset reef-level beta diversity,top_050_by_abundance,ranked_top_N,50,50,50,PERMANOVA/adonis2,0.4583511664292061,8.462146284107142,2,0.4583511664292061,0.001,TRUE,NA,23,NA,**
beta_permanova_gower_sqrt_z,Treatment effect on community composition: gower_sqrt_z,condition-subset reef-level beta diversity,top_075_by_abundance,ranked_top_N,75,75,71,PERMANOVA/adonis2,0.4605762168821546,8.538300150950793,2,0.4605762168821546,0.001,TRUE,NA,23,NA,**
beta_permanova_gower_sqrt_z,Treatment effect on community composition: gower_sqrt_z,condition-subset reef-level beta diversity,top_100_by_abundance,ranked_top_N,100,100,85,PERMANOVA/adonis2,0.43781865233041484,7.7878544733884905,2,0.43781865233041484,0.001,TRUE,NA,23,NA,**
beta_permanova_gower_sqrt_z,Treatment effect on community composition: gower_sqrt_z,condition-subset reef-level beta diversity,all_observed_species,reference_full,118,118,96,PERMANOVA/adonis2,0.42568730014263,7.412117131457284,2,0.42568730014263,0.001,TRUE,NA,23,NA,**
beta_permanova_gower_sqrt_z,Treatment effect on community composition: gower_sqrt_z,condition-subset reef-level beta diversity,main_38_10x10_corrected,reference_main,38,38,38,PERMANOVA/adonis2,0.49736698783213934,9.89523122818756,2,0.49736698783213934,0.001,TRUE,NA,23,NA,**
beta_permanova_jaccard,Treatment effect on community composition: jaccard,condition-subset reef-level beta diversity,damselfish_only,functional_subset,5,5,5,PERMANOVA/adonis2,0.091441794498563,0.9561270180339311,2,0.091441794498563,0.467,FALSE,NA,22,NA,NS
beta_permanova_jaccard,Treatment effect on community composition: jaccard,condition-subset reef-level beta diversity,obligate_plus_damselfish,functional_subset,27,27,26,PERMANOVA/adonis2,0.24784697014475807,3.295166811898083,2,0.24784697014475807,0.003,TRUE,NA,23,NA,**
beta_permanova_jaccard,Treatment effect on community composition: jaccard,condition-subset reef-level beta diversity,top_005_by_abundance,ranked_top_N,5,5,5,PERMANOVA/adonis2,0.05443373830470611,0.575673440453686,2,0.05443373830470611,0.48,FALSE,NA,23,NA,NS
beta_permanova_jaccard,Treatment effect on community composition: jaccard,condition-subset reef-level beta diversity,top_010_by_abundance,ranked_top_N,10,10,10,PERMANOVA/adonis2,0.17079224032550705,2.059703835773941,2,0.17079224032550705,0.092,FALSE,NA,23,NA,.
beta_permanova_jaccard,Treatment effect on community composition: jaccard,condition-subset reef-level beta diversity,top_015_by_abundance,ranked_top_N,15,15,15,PERMANOVA/adonis2,0.14242685212942105,1.6608128704015284,2,0.14242685212942105,0.125,FALSE,NA,23,NA,NS
beta_permanova_jaccard,Treatment effect on community composition: jaccard,condition-subset reef-level beta diversity,top_020_by_abundance,ranked_top_N,20,20,20,PERMANOVA/adonis2,0.13128125483840375,1.5112055031572185,2,0.13128125483840375,0.15,FALSE,NA,23,NA,NS
beta_permanova_jaccard,Treatment effect on community composition: jaccard,condition-subset reef-level beta diversity,top_025_by_abundance,ranked_top_N,25,25,25,PERMANOVA/adonis2,0.16571365685505404,1.9862923349599115,2,0.16571365685505404,0.032,TRUE,NA,23,NA,*
beta_permanova_jaccard,Treatment effect on community composition: jaccard,condition-subset reef-level beta diversity,top_030_by_abundance,ranked_top_N,30,30,30,PERMANOVA/adonis2,0.19795118597539507,2.468069056571443,2,0.19795118597539507,0.009,TRUE,NA,23,NA,**
beta_permanova_jaccard,Treatment effect on community composition: jaccard,condition-subset reef-level beta diversity,top_038_by_abundance,ranked_top_N,38,38,38,PERMANOVA/adonis2,0.20133703827289265,2.520926196921685,2,0.20133703827289265,0.001,TRUE,NA,23,NA,**
beta_permanova_jaccard,Treatment effect on community composition: jaccard,condition-subset reef-level beta diversity,top_050_by_abundance,ranked_top_N,50,50,50,PERMANOVA/adonis2,0.1975173374745254,2.4613284086776797,2,0.1975173374745254,0.003,TRUE,NA,23,NA,**
beta_permanova_jaccard,Treatment effect on community composition: jaccard,condition-subset reef-level beta diversity,top_075_by_abundance,ranked_top_N,75,75,71,PERMANOVA/adonis2,0.20930434219830774,2.6470910790154054,2,0.20930434219830774,0.002,TRUE,NA,23,NA,**
beta_permanova_jaccard,Treatment effect on community composition: jaccard,condition-subset reef-level beta diversity,top_100_by_abundance,ranked_top_N,100,100,85,PERMANOVA/adonis2,0.2034481561576725,2.554110667502814,2,0.2034481561576725,0.001,TRUE,NA,23,NA,**
beta_permanova_jaccard,Treatment effect on community composition: jaccard,condition-subset reef-level beta diversity,all_observed_species,reference_full,118,118,96,PERMANOVA/adonis2,0.1993174873963079,2.489344830926295,2,0.1993174873963079,0.001,TRUE,NA,23,NA,**
beta_permanova_jaccard,Treatment effect on community composition: jaccard,condition-subset reef-level beta diversity,main_38_10x10_corrected,reference_main,38,38,38,PERMANOVA/adonis2,0.196844296762867,2.4508858739280894,2,0.196844296762867,0.001,TRUE,NA,23,NA,**
cafi_pc1_condition_HELLINGER,CAFI community PC1 predicts coral condition PC1 (HELLINGER),condition-subset coral-level CAFI-condition link,damselfish_only,functional_subset,5,5,5,LMM slope; PC1 aligned to condition PC1,0.26405416663720654,1.3353678220689702,36.52128384675048,NA,0.19001974880633327,FALSE,positive,44,PC1 variance=0.265; PCA species used=5,NS
cafi_pc1_condition_HELLINGER,CAFI community PC1 predicts coral condition PC1 (HELLINGER),condition-subset coral-level CAFI-condition link,obligate_plus_damselfish,functional_subset,27,27,26,LMM slope; PC1 aligned to condition PC1,0.32292907024900436,2.533648521103136,41.443513212815915,NA,0.01516205076804907,TRUE,positive,44,PC1 variance=0.128; PCA species used=26,*
cafi_pc1_condition_HELLINGER,CAFI community PC1 predicts coral condition PC1 (HELLINGER),condition-subset coral-level CAFI-condition link,top_005_by_abundance,ranked_top_N,5,5,5,LMM slope; PC1 aligned to condition PC1,0.34415011320528544,2.2333951429726295,36.912722624708586,NA,0.03166862172076902,TRUE,positive,44,PC1 variance=0.487; PCA species used=5,*
cafi_pc1_condition_HELLINGER,CAFI community PC1 predicts coral condition PC1 (HELLINGER),condition-subset coral-level CAFI-condition link,top_010_by_abundance,ranked_top_N,10,10,10,LMM slope; PC1 aligned to condition PC1,0.29860141737211376,2.0584419001148855,41.28603682019907,NA,0.04589571026742705,TRUE,positive,44,PC1 variance=0.274; PCA species used=10,*
cafi_pc1_condition_HELLINGER,CAFI community PC1 predicts coral condition PC1 (HELLINGER),condition-subset coral-level CAFI-condition link,top_015_by_abundance,ranked_top_N,15,15,15,LMM slope; PC1 aligned to condition PC1,0.3288921196663263,2.450707579515262,40.92722549183231,NA,0.01861963872068521,TRUE,positive,44,PC1 variance=0.209; PCA species used=15,*
cafi_pc1_condition_HELLINGER,CAFI community PC1 predicts coral condition PC1 (HELLINGER),condition-subset coral-level CAFI-condition link,top_020_by_abundance,ranked_top_N,20,20,20,LMM slope; PC1 aligned to condition PC1,0.3528057958942656,2.7890588228523456,40.77976834209887,NA,0.007997304461558968,TRUE,positive,44,PC1 variance=0.181; PCA species used=20,**
cafi_pc1_condition_HELLINGER,CAFI community PC1 predicts coral condition PC1 (HELLINGER),condition-subset coral-level CAFI-condition link,top_025_by_abundance,ranked_top_N,25,25,25,LMM slope; PC1 aligned to condition PC1,0.37762901607965277,3.2172651830472074,34.888411305361124,NA,0.002792700940574855,TRUE,positive,44,PC1 variance=0.176; PCA species used=25,**
cafi_pc1_condition_HELLINGER,CAFI community PC1 predicts coral condition PC1 (HELLINGER),condition-subset coral-level CAFI-condition link,top_030_by_abundance,ranked_top_N,30,30,30,LMM slope; PC1 aligned to condition PC1,0.35626715680185933,3.0897195989903476,34.976222778258425,NA,0.003913794910378401,TRUE,positive,44,PC1 variance=0.161; PCA species used=30,**
cafi_pc1_condition_HELLINGER,CAFI community PC1 predicts coral condition PC1 (HELLINGER),condition-subset coral-level CAFI-condition link,top_038_by_abundance,ranked_top_N,38,38,38,LMM slope; PC1 aligned to condition PC1,0.312137721804441,2.915224816111563,23.02149913942954,NA,0.007786275669035629,TRUE,positive,44,PC1 variance=0.150; PCA species used=38,**
cafi_pc1_condition_HELLINGER,CAFI community PC1 predicts coral condition PC1 (HELLINGER),condition-subset coral-level CAFI-condition link,top_050_by_abundance,ranked_top_N,50,50,50,LMM slope; PC1 aligned to condition PC1,0.24827629012159405,2.440462572564038,21.75674573018833,NA,0.023283744437647646,TRUE,positive,44,PC1 variance=0.129; PCA species used=50,*
cafi_pc1_condition_HELLINGER,CAFI community PC1 predicts coral condition PC1 (HELLINGER),condition-subset coral-level CAFI-condition link,top_075_by_abundance,ranked_top_N,75,75,71,LMM slope; PC1 aligned to condition PC1,0.212330293613413,2.2738137017797513,19.876122698176523,NA,0.03422064373411722,TRUE,positive,44,PC1 variance=0.103; PCA species used=71,*
cafi_pc1_condition_HELLINGER,CAFI community PC1 predicts coral condition PC1 (HELLINGER),condition-subset coral-level CAFI-condition link,top_100_by_abundance,ranked_top_N,100,100,85,LMM slope; PC1 aligned to condition PC1,0.19995426747378134,2.2587805920587787,22.638209385462574,NA,0.03384751428503444,TRUE,positive,44,PC1 variance=0.095; PCA species used=85,*
cafi_pc1_condition_HELLINGER,CAFI community PC1 predicts coral condition PC1 (HELLINGER),condition-subset coral-level CAFI-condition link,all_observed_species,reference_full,118,118,96,LMM slope; PC1 aligned to condition PC1,0.17354021636396655,2.021577633021239,24.562061887490565,NA,0.05424406843996317,FALSE,positive,44,PC1 variance=0.090; PCA species used=96,.
cafi_pc1_condition_HELLINGER,CAFI community PC1 predicts coral condition PC1 (HELLINGER),condition-subset coral-level CAFI-condition link,main_38_10x10_corrected,reference_main,38,38,38,LMM slope; PC1 aligned to condition PC1,0.31116363236126515,2.8891495206817264,25.159258518451857,NA,0.007838381604339147,TRUE,positive,44,PC1 variance=0.147; PCA species used=38,**
cafi_pc1_condition_SQRT,CAFI community PC1 predicts coral condition PC1 (SQRT),condition-subset coral-level CAFI-condition link,damselfish_only,functional_subset,5,5,5,LMM slope; PC1 aligned to condition PC1,0.25913581473921055,1.4114868444551585,38.68910159959463,NA,0.16609309442440573,FALSE,positive,44,PC1 variance=0.842; PCA species used=5,NS
cafi_pc1_condition_SQRT,CAFI community PC1 predicts coral condition PC1 (SQRT),condition-subset coral-level CAFI-condition link,obligate_plus_damselfish,functional_subset,27,27,26,LMM slope; PC1 aligned to condition PC1,0.27066641107427825,2.594426620780376,34.556419340448784,NA,0.013805503110968474,TRUE,positive,44,PC1 variance=0.793; PCA species used=26,*
cafi_pc1_condition_SQRT,CAFI community PC1 predicts coral condition PC1 (SQRT),condition-subset coral-level CAFI-condition link,top_005_by_abundance,ranked_top_N,5,5,5,LMM slope; PC1 aligned to condition PC1,0.17857787568132508,1.5999518626533056,39.429461554943046,NA,0.11759254159332079,FALSE,positive,44,PC1 variance=0.864; PCA species used=5,NS
cafi_pc1_condition_SQRT,CAFI community PC1 predicts coral condition PC1 (SQRT),condition-subset coral-level CAFI-condition link,top_010_by_abundance,ranked_top_N,10,10,10,LMM slope; PC1 aligned to condition PC1,0.19053858091910938,1.6219460517613158,36.69537206609052,NA,0.11337689279358178,FALSE,positive,44,PC1 variance=0.818; PCA species used=10,NS
cafi_pc1_condition_SQRT,CAFI community PC1 predicts coral condition PC1 (SQRT),condition-subset coral-level CAFI-condition link,top_015_by_abundance,ranked_top_N,15,15,15,LMM slope; PC1 aligned to condition PC1,0.19125041436991533,1.5977735818442733,36.93775908728771,NA,0.11861400449635366,FALSE,positive,44,PC1 variance=0.795; PCA species used=15,NS
cafi_pc1_condition_SQRT,CAFI community PC1 predicts coral condition PC1 (SQRT),condition-subset coral-level CAFI-condition link,top_020_by_abundance,ranked_top_N,20,20,20,LMM slope; PC1 aligned to condition PC1,0.17624339962718452,1.4472111748356227,37.259187523095065,NA,0.15619970935356758,FALSE,positive,44,PC1 variance=0.777; PCA species used=20,NS
cafi_pc1_condition_SQRT,CAFI community PC1 predicts coral condition PC1 (SQRT),condition-subset coral-level CAFI-condition link,top_025_by_abundance,ranked_top_N,25,25,25,LMM slope; PC1 aligned to condition PC1,0.18034160001082386,1.4823684197553615,37.218676744641414,NA,0.14666069806590054,FALSE,positive,44,PC1 variance=0.765; PCA species used=25,NS
cafi_pc1_condition_SQRT,CAFI community PC1 predicts coral condition PC1 (SQRT),condition-subset coral-level CAFI-condition link,top_030_by_abundance,ranked_top_N,30,30,30,LMM slope; PC1 aligned to condition PC1,0.17972813449961486,1.4672671309771486,37.04583112273651,NA,0.15074243861569095,FALSE,positive,44,PC1 variance=0.753; PCA species used=30,NS
cafi_pc1_condition_SQRT,CAFI community PC1 predicts coral condition PC1 (SQRT),condition-subset coral-level CAFI-condition link,top_038_by_abundance,ranked_top_N,38,38,38,LMM slope; PC1 aligned to condition PC1,0.17924784523045287,1.4541657689142813,37.04535838980715,NA,0.15432100370784368,FALSE,positive,44,PC1 variance=0.741; PCA species used=38,NS
cafi_pc1_condition_SQRT,CAFI community PC1 predicts coral condition PC1 (SQRT),condition-subset coral-level CAFI-condition link,top_050_by_abundance,ranked_top_N,50,50,50,LMM slope; PC1 aligned to condition PC1,0.17832692452983928,1.4454076308977253,37.083988981375064,NA,0.1567417052037056,FALSE,positive,44,PC1 variance=0.733; PCA species used=50,NS
cafi_pc1_condition_SQRT,CAFI community PC1 predicts coral condition PC1 (SQRT),condition-subset coral-level CAFI-condition link,top_075_by_abundance,ranked_top_N,75,75,71,LMM slope; PC1 aligned to condition PC1,0.17855505805854188,1.446465233259406,37.16219780814649,NA,0.15642917634616263,FALSE,positive,44,PC1 variance=0.723; PCA species used=71,NS
cafi_pc1_condition_SQRT,CAFI community PC1 predicts coral condition PC1 (SQRT),condition-subset coral-level CAFI-condition link,top_100_by_abundance,ranked_top_N,100,100,85,LMM slope; PC1 aligned to condition PC1,0.17895700349489,1.44967564431057,37.17543980576602,NA,0.15553350816085926,FALSE,positive,44,PC1 variance=0.720; PCA species used=85,NS
cafi_pc1_condition_SQRT,CAFI community PC1 predicts coral condition PC1 (SQRT),condition-subset coral-level CAFI-condition link,all_observed_species,reference_full,118,118,96,LMM slope; PC1 aligned to condition PC1,0.17889163181521367,1.4489865930432324,37.173519512590694,NA,0.1557251992287116,FALSE,positive,44,PC1 variance=0.718; PCA species used=96,NS
cafi_pc1_condition_SQRT,CAFI community PC1 predicts coral condition PC1 (SQRT),condition-subset coral-level CAFI-condition link,main_38_10x10_corrected,reference_main,38,38,38,LMM slope; PC1 aligned to condition PC1,0.17941878154270124,1.4577228927068386,37.08419606886644,NA,0.15333407193156448,FALSE,positive,44,PC1 variance=0.742; PCA species used=38,NS
cafi_pc1_condition_SQRT_CS,CAFI community PC1 predicts coral condition PC1 (SQRT_CS),condition-subset coral-level CAFI-condition link,damselfish_only,functional_subset,5,5,5,LMM slope; PC1 aligned to condition PC1,0.274411972986568,1.4730136669204352,37.88881930076995,NA,0.14900693557751504,FALSE,positive,44,PC1 variance=0.305; PCA species used=5,NS
cafi_pc1_condition_SQRT_CS,CAFI community PC1 predicts coral condition PC1 (SQRT_CS),condition-subset coral-level CAFI-condition link,obligate_plus_damselfish,functional_subset,27,27,26,LMM slope; PC1 aligned to condition PC1,0.2676096074970217,2.2047867815549838,36.17573063864778,NA,0.03391190630987612,TRUE,positive,44,PC1 variance=0.136; PCA species used=26,*
cafi_pc1_condition_SQRT_CS,CAFI community PC1 predicts coral condition PC1 (SQRT_CS),condition-subset coral-level CAFI-condition link,top_005_by_abundance,ranked_top_N,5,5,5,LMM slope; PC1 aligned to condition PC1,0.3562106408263998,1.9177370360338828,41.70801609305383,NA,0.062009229248154364,FALSE,positive,44,PC1 variance=0.347; PCA species used=5,.
cafi_pc1_condition_SQRT_CS,CAFI community PC1 predicts coral condition PC1 (SQRT_CS),condition-subset coral-level CAFI-condition link,top_010_by_abundance,ranked_top_N,10,10,10,LMM slope; PC1 aligned to condition PC1,0.497143736554938,2.9372695840529257,40.93419146593941,NA,0.005415166313709594,TRUE,positive,44,PC1 variance=0.219; PCA species used=10,**
cafi_pc1_condition_SQRT_CS,CAFI community PC1 predicts coral condition PC1 (SQRT_CS),condition-subset coral-level CAFI-condition link,top_015_by_abundance,ranked_top_N,15,15,15,LMM slope; PC1 aligned to condition PC1,0.35522377903309,2.4297859149115513,40.73433309037205,NA,0.01960376213717105,TRUE,positive,44,PC1 variance=0.187; PCA species used=15,*
cafi_pc1_condition_SQRT_CS,CAFI community PC1 predicts coral condition PC1 (SQRT_CS),condition-subset coral-level CAFI-condition link,top_020_by_abundance,ranked_top_N,20,20,20,LMM slope; PC1 aligned to condition PC1,0.36304599908404506,2.6647303156559525,41.623470471544636,NA,0.010915727748344234,TRUE,positive,44,PC1 variance=0.166; PCA species used=20,*
cafi_pc1_condition_SQRT_CS,CAFI community PC1 predicts coral condition PC1 (SQRT_CS),condition-subset coral-level CAFI-condition link,top_025_by_abundance,ranked_top_N,25,25,25,LMM slope; PC1 aligned to condition PC1,0.3796444319004231,2.9939633858067296,40.817863995753456,NA,0.004661102498715055,TRUE,positive,44,PC1 variance=0.162; PCA species used=25,**
cafi_pc1_condition_SQRT_CS,CAFI community PC1 predicts coral condition PC1 (SQRT_CS),condition-subset coral-level CAFI-condition link,top_030_by_abundance,ranked_top_N,30,30,30,LMM slope; PC1 aligned to condition PC1,0.3477950050642945,2.819933435570552,39.91108955137226,NA,0.0074439722661342736,TRUE,positive,44,PC1 variance=0.152; PCA species used=30,**
cafi_pc1_condition_SQRT_CS,CAFI community PC1 predicts coral condition PC1 (SQRT_CS),condition-subset coral-level CAFI-condition link,top_038_by_abundance,ranked_top_N,38,38,38,LMM slope; PC1 aligned to condition PC1,0.29739822152387346,2.59000506277565,32.462594031795184,NA,0.014256580622859174,TRUE,positive,44,PC1 variance=0.140; PCA species used=38,*
cafi_pc1_condition_SQRT_CS,CAFI community PC1 predicts coral condition PC1 (SQRT_CS),condition-subset coral-level CAFI-condition link,top_050_by_abundance,ranked_top_N,50,50,50,LMM slope; PC1 aligned to condition PC1,0.21539808290549473,1.9958567428568068,30.392876267507006,NA,0.054978286435960984,FALSE,positive,44,PC1 variance=0.122; PCA species used=50,.
cafi_pc1_condition_SQRT_CS,CAFI community PC1 predicts coral condition PC1 (SQRT_CS),condition-subset coral-level CAFI-condition link,top_075_by_abundance,ranked_top_N,75,75,71,LMM slope; PC1 aligned to condition PC1,0.1762265459736833,1.7681765797460218,31.035060910843132,NA,0.08686179112987061,FALSE,positive,44,PC1 variance=0.098; PCA species used=71,.
cafi_pc1_condition_SQRT_CS,CAFI community PC1 predicts coral condition PC1 (SQRT_CS),condition-subset coral-level CAFI-condition link,top_100_by_abundance,ranked_top_N,100,100,85,LMM slope; PC1 aligned to condition PC1,0.16983498134318195,1.8184161539584176,33.35357703464508,NA,0.07799072300596237,FALSE,positive,44,PC1 variance=0.090; PCA species used=85,.
cafi_pc1_condition_SQRT_CS,CAFI community PC1 predicts coral condition PC1 (SQRT_CS),condition-subset coral-level CAFI-condition link,all_observed_species,reference_full,118,118,96,LMM slope; PC1 aligned to condition PC1,0.15672127846734293,1.7277596809949394,32.015563387392454,NA,0.09366766522331531,FALSE,positive,44,PC1 variance=0.084; PCA species used=96,.
cafi_pc1_condition_SQRT_CS,CAFI community PC1 predicts coral condition PC1 (SQRT_CS),condition-subset coral-level CAFI-condition link,main_38_10x10_corrected,reference_main,38,38,38,LMM slope; PC1 aligned to condition PC1,0.3005605252118914,2.5827267192670194,33.41295186910259,NA,0.014363846699573402,TRUE,positive,44,PC1 variance=0.138; PCA species used=38,*
cafi_pc1_treatment_HELLINGER,Treatment effect on CAFI community PC1 (HELLINGER),condition-subset coral-level CAFI PCA,damselfish_only,functional_subset,5,5,5,LMM treatment LRT; PC1 aligned to condition PC1,0.12239130275771543,1.5904890902777424,2,NA,0.4514708164284898,FALSE,positive,44,PC1 variance=0.265; PCA species used=5,NS
cafi_pc1_treatment_HELLINGER,Treatment effect on CAFI community PC1 (HELLINGER),condition-subset coral-level CAFI PCA,obligate_plus_damselfish,functional_subset,27,27,26,LMM treatment LRT; PC1 aligned to condition PC1,-2.0108671961005973,11.448576477200277,2,NA,0.0032656768316826363,TRUE,negative,44,PC1 variance=0.128; PCA species used=26,**
cafi_pc1_treatment_HELLINGER,Treatment effect on CAFI community PC1 (HELLINGER),condition-subset coral-level CAFI PCA,top_005_by_abundance,ranked_top_N,5,5,5,LMM treatment LRT; PC1 aligned to condition PC1,-1.6460026238848537,6.178696297752083,2,NA,0.04553162457395855,TRUE,negative,44,PC1 variance=0.487; PCA species used=5,*
cafi_pc1_treatment_HELLINGER,Treatment effect on CAFI community PC1 (HELLINGER),condition-subset coral-level CAFI PCA,top_010_by_abundance,ranked_top_N,10,10,10,LMM treatment LRT; PC1 aligned to condition PC1,-1.8888330799975135,8.517457608864078,2,NA,0.014140266033617416,TRUE,negative,44,PC1 variance=0.274; PCA species used=10,*
cafi_pc1_treatment_HELLINGER,Treatment effect on CAFI community PC1 (HELLINGER),condition-subset coral-level CAFI PCA,top_015_by_abundance,ranked_top_N,15,15,15,LMM treatment LRT; PC1 aligned to condition PC1,-2.3376976457900307,13.26786786029021,2,NA,0.0013149798585718566,TRUE,negative,44,PC1 variance=0.209; PCA species used=15,**
cafi_pc1_treatment_HELLINGER,Treatment effect on CAFI community PC1 (HELLINGER),condition-subset coral-level CAFI PCA,top_020_by_abundance,ranked_top_N,20,20,20,LMM treatment LRT; PC1 aligned to condition PC1,-2.578243957452152,14.368529900338444,2,NA,7.58426284213717e-4,TRUE,negative,44,PC1 variance=0.181; PCA species used=20,***
cafi_pc1_treatment_HELLINGER,Treatment effect on CAFI community PC1 (HELLINGER),condition-subset coral-level CAFI PCA,top_025_by_abundance,ranked_top_N,25,25,25,LMM treatment LRT; PC1 aligned to condition PC1,-2.9801461338693285,13.75519937222171,2,NA,0.001030614877807037,TRUE,negative,44,PC1 variance=0.176; PCA species used=25,**
cafi_pc1_treatment_HELLINGER,Treatment effect on CAFI community PC1 (HELLINGER),condition-subset coral-level CAFI PCA,top_030_by_abundance,ranked_top_N,30,30,30,LMM treatment LRT; PC1 aligned to condition PC1,-3.1290622022168266,12.754722535808412,2,NA,0.0016996018386612665,TRUE,negative,44,PC1 variance=0.161; PCA species used=30,**
cafi_pc1_treatment_HELLINGER,Treatment effect on CAFI community PC1 (HELLINGER),condition-subset coral-level CAFI PCA,top_038_by_abundance,ranked_top_N,38,38,38,LMM treatment LRT; PC1 aligned to condition PC1,-3.3990859721791686,12.256649565469843,2,NA,0.002180230262552643,TRUE,negative,44,PC1 variance=0.150; PCA species used=38,**
cafi_pc1_treatment_HELLINGER,Treatment effect on CAFI community PC1 (HELLINGER),condition-subset coral-level CAFI PCA,top_050_by_abundance,ranked_top_N,50,50,50,LMM treatment LRT; PC1 aligned to condition PC1,-3.4404627918531174,10.173245552388579,2,NA,0.006178852056176081,TRUE,negative,44,PC1 variance=0.129; PCA species used=50,**
cafi_pc1_treatment_HELLINGER,Treatment effect on CAFI community PC1 (HELLINGER),condition-subset coral-level CAFI PCA,top_075_by_abundance,ranked_top_N,75,75,71,LMM treatment LRT; PC1 aligned to condition PC1,-3.8086020041192272,13.169807938756122,2,NA,0.0013810599852820539,TRUE,negative,44,PC1 variance=0.103; PCA species used=71,**
cafi_pc1_treatment_HELLINGER,Treatment effect on CAFI community PC1 (HELLINGER),condition-subset coral-level CAFI PCA,top_100_by_abundance,ranked_top_N,100,100,85,LMM treatment LRT; PC1 aligned to condition PC1,-3.5669310941274106,9.573047399715534,2,NA,0.008341404263575504,TRUE,negative,44,PC1 variance=0.095; PCA species used=85,**
cafi_pc1_treatment_HELLINGER,Treatment effect on CAFI community PC1 (HELLINGER),condition-subset coral-level CAFI PCA,all_observed_species,reference_full,118,118,96,LMM treatment LRT; PC1 aligned to condition PC1,-3.4132439944263733,7.295589063106007,2,NA,0.02604851465128345,TRUE,negative,44,PC1 variance=0.090; PCA species used=96,*
cafi_pc1_treatment_HELLINGER,Treatment effect on CAFI community PC1 (HELLINGER),condition-subset coral-level CAFI PCA,main_38_10x10_corrected,reference_main,38,38,38,LMM treatment LRT; PC1 aligned to condition PC1,-3.4133845505116827,13.617151752152694,2,NA,0.0011042643900296795,TRUE,negative,44,PC1 variance=0.147; PCA species used=38,**
cafi_pc1_treatment_SQRT,Treatment effect on CAFI community PC1 (SQRT),condition-subset coral-level CAFI PCA,damselfish_only,functional_subset,5,5,5,LMM treatment LRT; PC1 aligned to condition PC1,-1.0845146062640696,7.515103064743897,2,NA,0.023340819709400423,TRUE,negative,44,PC1 variance=0.842; PCA species used=5,*
cafi_pc1_treatment_SQRT,Treatment effect on CAFI community PC1 (SQRT),condition-subset coral-level CAFI PCA,obligate_plus_damselfish,functional_subset,27,27,26,LMM treatment LRT; PC1 aligned to condition PC1,-2.186038898690059,4.488296957217301,2,NA,0.10601777835443947,FALSE,negative,44,PC1 variance=0.793; PCA species used=26,NS
cafi_pc1_treatment_SQRT,Treatment effect on CAFI community PC1 (SQRT),condition-subset coral-level CAFI PCA,top_005_by_abundance,ranked_top_N,5,5,5,LMM treatment LRT; PC1 aligned to condition PC1,-1.3595992854629486,1.6999227803809447,2,NA,0.4274314346764199,FALSE,negative,44,PC1 variance=0.864; PCA species used=5,NS
cafi_pc1_treatment_SQRT,Treatment effect on CAFI community PC1 (SQRT),condition-subset coral-level CAFI PCA,top_010_by_abundance,ranked_top_N,10,10,10,LMM treatment LRT; PC1 aligned to condition PC1,-1.3615056489986603,1.6718742906227817,2,NA,0.43346806846073366,FALSE,negative,44,PC1 variance=0.818; PCA species used=10,NS
cafi_pc1_treatment_SQRT,Treatment effect on CAFI community PC1 (SQRT),condition-subset coral-level CAFI PCA,top_015_by_abundance,ranked_top_N,15,15,15,LMM treatment LRT; PC1 aligned to condition PC1,-1.1742458723118734,1.2756653231645316,2,NA,0.5284364845063162,FALSE,negative,44,PC1 variance=0.795; PCA species used=15,NS
cafi_pc1_treatment_SQRT,Treatment effect on CAFI community PC1 (SQRT),condition-subset coral-level CAFI PCA,top_020_by_abundance,ranked_top_N,20,20,20,LMM treatment LRT; PC1 aligned to condition PC1,-1.036474540476923,1.0624030183142565,2,NA,0.5878981801094532,FALSE,negative,44,PC1 variance=0.777; PCA species used=20,NS
cafi_pc1_treatment_SQRT,Treatment effect on CAFI community PC1 (SQRT),condition-subset coral-level CAFI PCA,top_025_by_abundance,ranked_top_N,25,25,25,LMM treatment LRT; PC1 aligned to condition PC1,-1.0358191550253775,1.0539961318964686,2,NA,0.5903745777743544,FALSE,negative,44,PC1 variance=0.765; PCA species used=25,NS
cafi_pc1_treatment_SQRT,Treatment effect on CAFI community PC1 (SQRT),condition-subset coral-level CAFI PCA,top_030_by_abundance,ranked_top_N,30,30,30,LMM treatment LRT; PC1 aligned to condition PC1,-0.9889529573168163,0.9733668029745104,2,NA,0.6146616030920762,FALSE,negative,44,PC1 variance=0.753; PCA species used=30,NS
cafi_pc1_treatment_SQRT,Treatment effect on CAFI community PC1 (SQRT),condition-subset coral-level CAFI PCA,top_038_by_abundance,ranked_top_N,38,38,38,LMM treatment LRT; PC1 aligned to condition PC1,-0.9594410746126041,0.9470637713483256,2,NA,0.6227987253465204,FALSE,negative,44,PC1 variance=0.741; PCA species used=38,NS
cafi_pc1_treatment_SQRT,Treatment effect on CAFI community PC1 (SQRT),condition-subset coral-level CAFI PCA,top_050_by_abundance,ranked_top_N,50,50,50,LMM treatment LRT; PC1 aligned to condition PC1,-0.9532132938992017,0.9364133624259239,2,NA,0.626124102194618,FALSE,negative,44,PC1 variance=0.733; PCA species used=50,NS
cafi_pc1_treatment_SQRT,Treatment effect on CAFI community PC1 (SQRT),condition-subset coral-level CAFI PCA,top_075_by_abundance,ranked_top_N,75,75,71,LMM treatment LRT; PC1 aligned to condition PC1,-0.9407978915969268,0.9176090871303018,2,NA,0.6320387688717751,FALSE,negative,44,PC1 variance=0.723; PCA species used=71,NS
cafi_pc1_treatment_SQRT,Treatment effect on CAFI community PC1 (SQRT),condition-subset coral-level CAFI PCA,top_100_by_abundance,ranked_top_N,100,100,85,LMM treatment LRT; PC1 aligned to condition PC1,-0.9404526456020683,0.9179325549358452,2,NA,0.6319365550409262,FALSE,negative,44,PC1 variance=0.720; PCA species used=85,NS
cafi_pc1_treatment_SQRT,Treatment effect on CAFI community PC1 (SQRT),condition-subset coral-level CAFI PCA,all_observed_species,reference_full,118,118,96,LMM treatment LRT; PC1 aligned to condition PC1,-0.9403096622888958,0.9182069111338933,2,NA,0.6318498731311676,FALSE,negative,44,PC1 variance=0.718; PCA species used=96,NS
cafi_pc1_treatment_SQRT,Treatment effect on CAFI community PC1 (SQRT),condition-subset coral-level CAFI PCA,main_38_10x10_corrected,reference_main,38,38,38,LMM treatment LRT; PC1 aligned to condition PC1,-0.9622838804911416,0.9490995761218528,2,NA,0.6221650995768181,FALSE,negative,44,PC1 variance=0.742; PCA species used=38,NS
cafi_pc1_treatment_SQRT_CS,Treatment effect on CAFI community PC1 (SQRT_CS),condition-subset coral-level CAFI PCA,damselfish_only,functional_subset,5,5,5,LMM treatment LRT; PC1 aligned to condition PC1,-0.8980142490887928,4.23324348895477,2,NA,0.12043781173241791,FALSE,negative,44,PC1 variance=0.305; PCA species used=5,NS
cafi_pc1_treatment_SQRT_CS,Treatment effect on CAFI community PC1 (SQRT_CS),condition-subset coral-level CAFI PCA,obligate_plus_damselfish,functional_subset,27,27,26,LMM treatment LRT; PC1 aligned to condition PC1,-1.8517802158238332,10.015800806556825,2,NA,0.0066849242269559715,TRUE,negative,44,PC1 variance=0.136; PCA species used=26,**
cafi_pc1_treatment_SQRT_CS,Treatment effect on CAFI community PC1 (SQRT_CS),condition-subset coral-level CAFI PCA,top_005_by_abundance,ranked_top_N,5,5,5,LMM treatment LRT; PC1 aligned to condition PC1,-0.9503767106730793,2.7048706556878415,2,NA,0.2586096937510818,FALSE,negative,44,PC1 variance=0.347; PCA species used=5,NS
cafi_pc1_treatment_SQRT_CS,Treatment effect on CAFI community PC1 (SQRT_CS),condition-subset coral-level CAFI PCA,top_010_by_abundance,ranked_top_N,10,10,10,LMM treatment LRT; PC1 aligned to condition PC1,-2.111988667968499,13.309407294976921,2,NA,0.0012879497738885505,TRUE,negative,44,PC1 variance=0.219; PCA species used=10,**
cafi_pc1_treatment_SQRT_CS,Treatment effect on CAFI community PC1 (SQRT_CS),condition-subset coral-level CAFI PCA,top_015_by_abundance,ranked_top_N,15,15,15,LMM treatment LRT; PC1 aligned to condition PC1,-2.2095947442021444,11.995102050417557,2,NA,0.002484830017462504,TRUE,negative,44,PC1 variance=0.187; PCA species used=15,**
cafi_pc1_treatment_SQRT_CS,Treatment effect on CAFI community PC1 (SQRT_CS),condition-subset coral-level CAFI PCA,top_020_by_abundance,ranked_top_N,20,20,20,LMM treatment LRT; PC1 aligned to condition PC1,-2.40141344924686,11.268980005753974,2,NA,0.003572498732774687,TRUE,negative,44,PC1 variance=0.166; PCA species used=20,**
cafi_pc1_treatment_SQRT_CS,Treatment effect on CAFI community PC1 (SQRT_CS),condition-subset coral-level CAFI PCA,top_025_by_abundance,ranked_top_N,25,25,25,LMM treatment LRT; PC1 aligned to condition PC1,-2.909728820039204,12.773797665664034,2,NA,0.0016834688328636604,TRUE,negative,44,PC1 variance=0.162; PCA species used=25,**
cafi_pc1_treatment_SQRT_CS,Treatment effect on CAFI community PC1 (SQRT_CS),condition-subset coral-level CAFI PCA,top_030_by_abundance,ranked_top_N,30,30,30,LMM treatment LRT; PC1 aligned to condition PC1,-2.983544986464741,10.880848922590872,2,NA,0.004337641718909663,TRUE,negative,44,PC1 variance=0.152; PCA species used=30,**
cafi_pc1_treatment_SQRT_CS,Treatment effect on CAFI community PC1 (SQRT_CS),condition-subset coral-level CAFI PCA,top_038_by_abundance,ranked_top_N,38,38,38,LMM treatment LRT; PC1 aligned to condition PC1,-3.3001857672205372,11.595717152370383,2,NA,0.0030340449698886833,TRUE,negative,44,PC1 variance=0.140; PCA species used=38,**
cafi_pc1_treatment_SQRT_CS,Treatment effect on CAFI community PC1 (SQRT_CS),condition-subset coral-level CAFI PCA,top_050_by_abundance,ranked_top_N,50,50,50,LMM treatment LRT; PC1 aligned to condition PC1,-3.3928190591466185,10.170414205676963,2,NA,0.006187605486938922,TRUE,negative,44,PC1 variance=0.122; PCA species used=50,**
cafi_pc1_treatment_SQRT_CS,Treatment effect on CAFI community PC1 (SQRT_CS),condition-subset coral-level CAFI PCA,top_075_by_abundance,ranked_top_N,75,75,71,LMM treatment LRT; PC1 aligned to condition PC1,-3.771765003331383,13.849748085626004,2,NA,9.83026929657903e-4,TRUE,negative,44,PC1 variance=0.098; PCA species used=71,***
cafi_pc1_treatment_SQRT_CS,Treatment effect on CAFI community PC1 (SQRT_CS),condition-subset coral-level CAFI PCA,top_100_by_abundance,ranked_top_N,100,100,85,LMM treatment LRT; PC1 aligned to condition PC1,-3.6252819398943075,12.208014937382757,2,NA,0.002233897483296419,TRUE,negative,44,PC1 variance=0.090; PCA species used=85,**
cafi_pc1_treatment_SQRT_CS,Treatment effect on CAFI community PC1 (SQRT_CS),condition-subset coral-level CAFI PCA,all_observed_species,reference_full,118,118,96,LMM treatment LRT; PC1 aligned to condition PC1,-3.5301000044406297,9.861236810568073,2,NA,0.0072220357550754595,TRUE,negative,44,PC1 variance=0.084; PCA species used=96,**
cafi_pc1_treatment_SQRT_CS,Treatment effect on CAFI community PC1 (SQRT_CS),condition-subset coral-level CAFI PCA,main_38_10x10_corrected,reference_main,38,38,38,LMM treatment LRT; PC1 aligned to condition PC1,-3.336968647981708,12.559628795453847,2,NA,0.0018737483339007336,TRUE,negative,44,PC1 variance=0.138; PCA species used=38,**
species_condition_Alpheus.diadema,Alpheus diadema abundance predicts coral condition,condition-subset per-species LMMs,damselfish_only,functional_subset,5,5,5,sqrt abundance LMM,NA,NA,NA,NA,NA,NA,not included,0,species not in this inclusion set,NA
species_condition_Alpheus.diadema,Alpheus diadema abundance predicts coral condition,condition-subset per-species LMMs,obligate_plus_damselfish,functional_subset,27,27,26,sqrt abundance LMM,-0.9949772626830148,-2.099821331210914,39.05831801697994,NA,0.042254248847044616,TRUE,negative,44,BH p=0.366,*
species_condition_Alpheus.diadema,Alpheus diadema abundance predicts coral condition,condition-subset per-species LMMs,top_005_by_abundance,ranked_top_N,5,5,5,sqrt abundance LMM,NA,NA,NA,NA,NA,NA,not included,0,species not in this inclusion set,NA
species_condition_Alpheus.diadema,Alpheus diadema abundance predicts coral condition,condition-subset per-species LMMs,top_010_by_abundance,ranked_top_N,10,10,10,sqrt abundance LMM,NA,NA,NA,NA,NA,NA,not included,0,species not in this inclusion set,NA
species_condition_Alpheus.diadema,Alpheus diadema abundance predicts coral condition,condition-subset per-species LMMs,top_015_by_abundance,ranked_top_N,15,15,15,sqrt abundance LMM,NA,NA,NA,NA,NA,NA,not included,0,species not in this inclusion set,NA
species_condition_Alpheus.diadema,Alpheus diadema abundance predicts coral condition,condition-subset per-species LMMs,top_020_by_abundance,ranked_top_N,20,20,20,sqrt abundance LMM,NA,NA,NA,NA,NA,NA,not included,0,species not in this inclusion set,NA
species_condition_Alpheus.diadema,Alpheus diadema abundance predicts coral condition,condition-subset per-species LMMs,top_025_by_abundance,ranked_top_N,25,25,25,sqrt abundance LMM,NA,NA,NA,NA,NA,NA,not included,0,species not in this inclusion set,NA
species_condition_Alpheus.diadema,Alpheus diadema abundance predicts coral condition,condition-subset per-species LMMs,top_030_by_abundance,ranked_top_N,30,30,30,sqrt abundance LMM,NA,NA,NA,NA,NA,NA,not included,0,species not in this inclusion set,NA
species_condition_Alpheus.diadema,Alpheus diadema abundance predicts coral condition,condition-subset per-species LMMs,top_038_by_abundance,ranked_top_N,38,38,38,sqrt abundance LMM,-0.9949772626830148,-2.099821331210914,39.05831801697994,NA,0.042254248847044616,TRUE,negative,44,BH p=0.401,*
species_condition_Alpheus.diadema,Alpheus diadema abundance predicts coral condition,condition-subset per-species LMMs,top_050_by_abundance,ranked_top_N,50,50,50,sqrt abundance LMM,-0.9949772626830148,-2.099821331210914,39.05831801697994,NA,0.042254248847044616,TRUE,negative,44,BH p=0.528,*
species_condition_Alpheus.diadema,Alpheus diadema abundance predicts coral condition,condition-subset per-species LMMs,top_075_by_abundance,ranked_top_N,75,75,71,sqrt abundance LMM,-0.9949772626830148,-2.099821331210914,39.05831801697994,NA,0.042254248847044616,TRUE,negative,44,BH p=0.500,*
species_condition_Alpheus.diadema,Alpheus diadema abundance predicts coral condition,condition-subset per-species LMMs,top_100_by_abundance,ranked_top_N,100,100,85,sqrt abundance LMM,-0.9949772626830148,-2.099821331210914,39.05831801697994,NA,0.042254248847044616,TRUE,negative,44,BH p=0.449,*
species_condition_Alpheus.diadema,Alpheus diadema abundance predicts coral condition,condition-subset per-species LMMs,all_observed_species,reference_full,118,118,96,sqrt abundance LMM,-0.9949772626830148,-2.099821331210914,39.05831801697994,NA,0.042254248847044616,TRUE,negative,44,BH p=0.507,*
species_condition_Alpheus.diadema,Alpheus diadema abundance predicts coral condition,condition-subset per-species LMMs,main_38_10x10_corrected,reference_main,38,38,38,sqrt abundance LMM,-0.9949772626830148,-2.099821331210914,39.05831801697994,NA,0.042254248847044616,TRUE,negative,44,BH p=0.401,*
species_condition_Calcinus.latens,Calcinus latens abundance predicts coral condition,condition-subset per-species LMMs,damselfish_only,functional_subset,5,5,5,sqrt abundance LMM,NA,NA,NA,NA,NA,NA,not included,0,species not in this inclusion set,NA
species_condition_Calcinus.latens,Calcinus latens abundance predicts coral condition,condition-subset per-species LMMs,obligate_plus_damselfish,functional_subset,27,27,26,sqrt abundance LMM,NA,NA,NA,NA,NA,NA,not included,0,species not in this inclusion set,NA
species_condition_Calcinus.latens,Calcinus latens abundance predicts coral condition,condition-subset per-species LMMs,top_005_by_abundance,ranked_top_N,5,5,5,sqrt abundance LMM,NA,NA,NA,NA,NA,NA,not included,0,species not in this inclusion set,NA
species_condition_Calcinus.latens,Calcinus latens abundance predicts coral condition,condition-subset per-species LMMs,top_010_by_abundance,ranked_top_N,10,10,10,sqrt abundance LMM,0.453427200510809,1.803804742686922,41.82174883157117,NA,0.07846820668005616,FALSE,positive,44,BH p=0.328,.
species_condition_Calcinus.latens,Calcinus latens abundance predicts coral condition,condition-subset per-species LMMs,top_015_by_abundance,ranked_top_N,15,15,15,sqrt abundance LMM,0.453427200510809,1.803804742686922,41.82174883157117,NA,0.07846820668005616,FALSE,positive,44,BH p=0.409,.
species_condition_Calcinus.latens,Calcinus latens abundance predicts coral condition,condition-subset per-species LMMs,top_020_by_abundance,ranked_top_N,20,20,20,sqrt abundance LMM,0.453427200510809,1.803804742686922,41.82174883157117,NA,0.07846820668005616,FALSE,positive,44,BH p=0.468,.
species_condition_Calcinus.latens,Calcinus latens abundance predicts coral condition,condition-subset per-species LMMs,top_025_by_abundance,ranked_top_N,25,25,25,sqrt abundance LMM,0.453427200510809,1.803804742686922,41.82174883157117,NA,0.07846820668005616,FALSE,positive,44,BH p=0.448,.
species_condition_Calcinus.latens,Calcinus latens abundance predicts coral condition,condition-subset per-species LMMs,top_030_by_abundance,ranked_top_N,30,30,30,sqrt abundance LMM,0.453427200510809,1.803804742686922,41.82174883157117,NA,0.07846820668005616,FALSE,positive,44,BH p=0.470,.
species_condition_Calcinus.latens,Calcinus latens abundance predicts coral condition,condition-subset per-species LMMs,top_038_by_abundance,ranked_top_N,38,38,38,sqrt abundance LMM,0.453427200510809,1.803804742686922,41.82174883157117,NA,0.07846820668005616,FALSE,positive,44,BH p=0.529,.
species_condition_Calcinus.latens,Calcinus latens abundance predicts coral condition,condition-subset per-species LMMs,top_050_by_abundance,ranked_top_N,50,50,50,sqrt abundance LMM,0.453427200510809,1.803804742686922,41.82174883157117,NA,0.07846820668005616,FALSE,positive,44,BH p=0.570,.
species_condition_Calcinus.latens,Calcinus latens abundance predicts coral condition,condition-subset per-species LMMs,top_075_by_abundance,ranked_top_N,75,75,71,sqrt abundance LMM,0.453427200510809,1.803804742686922,41.82174883157117,NA,0.07846820668005616,FALSE,positive,44,BH p=0.623,.
species_condition_Calcinus.latens,Calcinus latens abundance predicts coral condition,condition-subset per-species LMMs,top_100_by_abundance,ranked_top_N,100,100,85,sqrt abundance LMM,0.453427200510809,1.803804742686922,41.82174883157117,NA,0.07846820668005616,FALSE,positive,44,BH p=0.611,.
species_condition_Calcinus.latens,Calcinus latens abundance predicts coral condition,condition-subset per-species LMMs,all_observed_species,reference_full,118,118,96,sqrt abundance LMM,0.453427200510809,1.803804742686922,41.82174883157117,NA,0.07846820668005616,FALSE,positive,44,BH p=0.690,.
species_condition_Calcinus.latens,Calcinus latens abundance predicts coral condition,condition-subset per-species LMMs,main_38_10x10_corrected,reference_main,38,38,38,sqrt abundance LMM,0.453427200510809,1.803804742686922,41.82174883157117,NA,0.07846820668005616,FALSE,positive,44,BH p=0.529,.
species_condition_Caracanthus.maculatus,Caracanthus maculatus abundance predicts coral condition,condition-subset per-species LMMs,damselfish_only,functional_subset,5,5,5,sqrt abundance LMM,NA,NA,NA,NA,NA,NA,not included,0,species not in this inclusion set,NA
species_condition_Caracanthus.maculatus,Caracanthus maculatus abundance predicts coral condition,condition-subset per-species LMMs,obligate_plus_damselfish,functional_subset,27,27,26,sqrt abundance LMM,1.422151275487304,3.60738488043929,40.08555259594345,NA,8.479723820138816e-4,TRUE,positive,44,BH p=0.022,***
species_condition_Caracanthus.maculatus,Caracanthus maculatus abundance predicts coral condition,condition-subset per-species LMMs,top_005_by_abundance,ranked_top_N,5,5,5,sqrt abundance LMM,NA,NA,NA,NA,NA,NA,not included,0,species not in this inclusion set,NA
species_condition_Caracanthus.maculatus,Caracanthus maculatus abundance predicts coral condition,condition-subset per-species LMMs,top_010_by_abundance,ranked_top_N,10,10,10,sqrt abundance LMM,NA,NA,NA,NA,NA,NA,not included,0,species not in this inclusion set,NA
species_condition_Caracanthus.maculatus,Caracanthus maculatus abundance predicts coral condition,condition-subset per-species LMMs,top_015_by_abundance,ranked_top_N,15,15,15,sqrt abundance LMM,NA,NA,NA,NA,NA,NA,not included,0,species not in this inclusion set,NA
species_condition_Caracanthus.maculatus,Caracanthus maculatus abundance predicts coral condition,condition-subset per-species LMMs,top_020_by_abundance,ranked_top_N,20,20,20,sqrt abundance LMM,NA,NA,NA,NA,NA,NA,not included,0,species not in this inclusion set,NA
species_condition_Caracanthus.maculatus,Caracanthus maculatus abundance predicts coral condition,condition-subset per-species LMMs,top_025_by_abundance,ranked_top_N,25,25,25,sqrt abundance LMM,1.422151275487304,3.60738488043929,40.08555259594345,NA,8.479723820138816e-4,TRUE,positive,44,BH p=0.021,***
species_condition_Caracanthus.maculatus,Caracanthus maculatus abundance predicts coral condition,condition-subset per-species LMMs,top_030_by_abundance,ranked_top_N,30,30,30,sqrt abundance LMM,1.422151275487304,3.60738488043929,40.08555259594345,NA,8.479723820138816e-4,TRUE,positive,44,BH p=0.025,***
species_condition_Caracanthus.maculatus,Caracanthus maculatus abundance predicts coral condition,condition-subset per-species LMMs,top_038_by_abundance,ranked_top_N,38,38,38,sqrt abundance LMM,1.422151275487304,3.60738488043929,40.08555259594345,NA,8.479723820138816e-4,TRUE,positive,44,BH p=0.032,***
species_condition_Caracanthus.maculatus,Caracanthus maculatus abundance predicts coral condition,condition-subset per-species LMMs,top_050_by_abundance,ranked_top_N,50,50,50,sqrt abundance LMM,1.422151275487304,3.60738488043929,40.08555259594345,NA,8.479723820138816e-4,TRUE,positive,44,BH p=0.042,***
species_condition_Caracanthus.maculatus,Caracanthus maculatus abundance predicts coral condition,condition-subset per-species LMMs,top_075_by_abundance,ranked_top_N,75,75,71,sqrt abundance LMM,1.422151275487304,3.60738488043929,40.08555259594345,NA,8.479723820138816e-4,TRUE,positive,44,BH p=0.031,***
species_condition_Caracanthus.maculatus,Caracanthus maculatus abundance predicts coral condition,condition-subset per-species LMMs,top_100_by_abundance,ranked_top_N,100,100,85,sqrt abundance LMM,1.422151275487304,3.60738488043929,40.08555259594345,NA,8.479723820138816e-4,TRUE,positive,44,BH p=0.037,***
species_condition_Caracanthus.maculatus,Caracanthus maculatus abundance predicts coral condition,condition-subset per-species LMMs,all_observed_species,reference_full,118,118,96,sqrt abundance LMM,1.422151275487304,3.60738488043929,40.08555259594345,NA,8.479723820138816e-4,TRUE,positive,44,BH p=0.042,***
species_condition_Caracanthus.maculatus,Caracanthus maculatus abundance predicts coral condition,condition-subset per-species LMMs,main_38_10x10_corrected,reference_main,38,38,38,sqrt abundance LMM,1.422151275487304,3.60738488043929,40.08555259594345,NA,8.479723820138816e-4,TRUE,positive,44,BH p=0.032,***
species_condition_Dascyllus.aruanus,Dascyllus aruanus abundance predicts coral condition,condition-subset per-species LMMs,damselfish_only,functional_subset,5,5,5,sqrt abundance LMM,0.194296000323678,0.920882121005585,41.49975994829741,NA,0.3624344603920221,FALSE,positive,44,BH p=0.701,NS
species_condition_Dascyllus.aruanus,Dascyllus aruanus abundance predicts coral condition,condition-subset per-species LMMs,obligate_plus_damselfish,functional_subset,27,27,26,sqrt abundance LMM,0.194296000323678,0.920882121005585,41.49975994829741,NA,0.3624344603920221,FALSE,positive,44,BH p=0.674,NS
species_condition_Dascyllus.aruanus,Dascyllus aruanus abundance predicts coral condition,condition-subset per-species LMMs,top_005_by_abundance,ranked_top_N,5,5,5,sqrt abundance LMM,NA,NA,NA,NA,NA,NA,not included,0,species not in this inclusion set,NA
species_condition_Dascyllus.aruanus,Dascyllus aruanus abundance predicts coral condition,condition-subset per-species LMMs,top_010_by_abundance,ranked_top_N,10,10,10,sqrt abundance LMM,0.194296000323678,0.920882121005585,41.49975994829741,NA,0.3624344603920221,FALSE,positive,44,BH p=0.453,NS
species_condition_Dascyllus.aruanus,Dascyllus aruanus abundance predicts coral condition,condition-subset per-species LMMs,top_015_by_abundance,ranked_top_N,15,15,15,sqrt abundance LMM,0.194296000323678,0.920882121005585,41.49975994829741,NA,0.3624344603920221,FALSE,positive,44,BH p=0.544,NS
species_condition_Dascyllus.aruanus,Dascyllus aruanus abundance predicts coral condition,condition-subset per-species LMMs,top_020_by_abundance,ranked_top_N,20,20,20,sqrt abundance LMM,0.194296000323678,0.920882121005585,41.49975994829741,NA,0.3624344603920221,FALSE,positive,44,BH p=0.605,NS
species_condition_Dascyllus.aruanus,Dascyllus aruanus abundance predicts coral condition,condition-subset per-species LMMs,top_025_by_abundance,ranked_top_N,25,25,25,sqrt abundance LMM,0.194296000323678,0.920882121005585,41.49975994829741,NA,0.3624344603920221,FALSE,positive,44,BH p=0.648,NS
species_condition_Dascyllus.aruanus,Dascyllus aruanus abundance predicts coral condition,condition-subset per-species LMMs,top_030_by_abundance,ranked_top_N,30,30,30,sqrt abundance LMM,0.194296000323678,0.920882121005585,41.49975994829741,NA,0.3624344603920221,FALSE,positive,44,BH p=0.726,NS
species_condition_Dascyllus.aruanus,Dascyllus aruanus abundance predicts coral condition,condition-subset per-species LMMs,top_038_by_abundance,ranked_top_N,38,38,38,sqrt abundance LMM,0.194296000323678,0.920882121005585,41.49975994829741,NA,0.3624344603920221,FALSE,positive,44,BH p=0.766,NS
species_condition_Dascyllus.aruanus,Dascyllus aruanus abundance predicts coral condition,condition-subset per-species LMMs,top_050_by_abundance,ranked_top_N,50,50,50,sqrt abundance LMM,0.194296000323678,0.920882121005585,41.49975994829741,NA,0.3624344603920221,FALSE,positive,44,BH p=0.864,NS
species_condition_Dascyllus.aruanus,Dascyllus aruanus abundance predicts coral condition,condition-subset per-species LMMs,top_075_by_abundance,ranked_top_N,75,75,71,sqrt abundance LMM,0.194296000323678,0.920882121005585,41.49975994829741,NA,0.3624344603920221,FALSE,positive,44,BH p=0.888,NS
species_condition_Dascyllus.aruanus,Dascyllus aruanus abundance predicts coral condition,condition-subset per-species LMMs,top_100_by_abundance,ranked_top_N,100,100,85,sqrt abundance LMM,0.194296000323678,0.920882121005585,41.49975994829741,NA,0.3624344603920221,FALSE,positive,44,BH p=0.881,NS
species_condition_Dascyllus.aruanus,Dascyllus aruanus abundance predicts coral condition,condition-subset per-species LMMs,all_observed_species,reference_full,118,118,96,sqrt abundance LMM,0.194296000323678,0.920882121005585,41.49975994829741,NA,0.3624344603920221,FALSE,positive,44,BH p=0.941,NS
species_condition_Dascyllus.aruanus,Dascyllus aruanus abundance predicts coral condition,condition-subset per-species LMMs,main_38_10x10_corrected,reference_main,38,38,38,sqrt abundance LMM,0.194296000323678,0.920882121005585,41.49975994829741,NA,0.3624344603920221,FALSE,positive,44,BH p=0.766,NS
species_condition_Dascyllus.flavicaudus,Dascyllus flavicaudus abundance predicts coral condition,condition-subset per-species LMMs,damselfish_only,functional_subset,5,5,5,sqrt abundance LMM,0.3205959637563025,1.5752253442780673,30.957683369207718,NA,0.12536996046120258,FALSE,positive,44,BH p=0.627,NS
species_condition_Dascyllus.flavicaudus,Dascyllus flavicaudus abundance predicts coral condition,condition-subset per-species LMMs,obligate_plus_damselfish,functional_subset,27,27,26,sqrt abundance LMM,0.3205959637563025,1.5752253442780673,30.957683369207718,NA,0.12536996046120258,FALSE,positive,44,BH p=0.466,NS
species_condition_Dascyllus.flavicaudus,Dascyllus flavicaudus abundance predicts coral condition,condition-subset per-species LMMs,top_005_by_abundance,ranked_top_N,5,5,5,sqrt abundance LMM,NA,NA,NA,NA,NA,NA,not included,0,species not in this inclusion set,NA
species_condition_Dascyllus.flavicaudus,Dascyllus flavicaudus abundance predicts coral condition,condition-subset per-species LMMs,top_010_by_abundance,ranked_top_N,10,10,10,sqrt abundance LMM,NA,NA,NA,NA,NA,NA,not included,0,species not in this inclusion set,NA
species_condition_Dascyllus.flavicaudus,Dascyllus flavicaudus abundance predicts coral condition,condition-subset per-species LMMs,top_015_by_abundance,ranked_top_N,15,15,15,sqrt abundance LMM,0.3205959637563025,1.5752253442780673,30.957683369207718,NA,0.12536996046120258,FALSE,positive,44,BH p=0.409,NS
species_condition_Dascyllus.flavicaudus,Dascyllus flavicaudus abundance predicts coral condition,condition-subset per-species LMMs,top_020_by_abundance,ranked_top_N,20,20,20,sqrt abundance LMM,0.3205959637563025,1.5752253442780673,30.957683369207718,NA,0.12536996046120258,FALSE,positive,44,BH p=0.468,NS
species_condition_Dascyllus.flavicaudus,Dascyllus flavicaudus abundance predicts coral condition,condition-subset per-species LMMs,top_025_by_abundance,ranked_top_N,25,25,25,sqrt abundance LMM,0.3205959637563025,1.5752253442780673,30.957683369207718,NA,0.12536996046120258,FALSE,positive,44,BH p=0.448,NS
species_condition_Dascyllus.flavicaudus,Dascyllus flavicaudus abundance predicts coral condition,condition-subset per-species LMMs,top_030_by_abundance,ranked_top_N,30,30,30,sqrt abundance LMM,0.3205959637563025,1.5752253442780673,30.957683369207718,NA,0.12536996046120258,FALSE,positive,44,BH p=0.470,NS
species_condition_Dascyllus.flavicaudus,Dascyllus flavicaudus abundance predicts coral condition,condition-subset per-species LMMs,top_038_by_abundance,ranked_top_N,38,38,38,sqrt abundance LMM,0.3205959637563025,1.5752253442780673,30.957683369207718,NA,0.12536996046120258,FALSE,positive,44,BH p=0.529,NS
species_condition_Dascyllus.flavicaudus,Dascyllus flavicaudus abundance predicts coral condition,condition-subset per-species LMMs,top_050_by_abundance,ranked_top_N,50,50,50,sqrt abundance LMM,0.3205959637563025,1.5752253442780673,30.957683369207718,NA,0.12536996046120258,FALSE,positive,44,BH p=0.570,NS
species_condition_Dascyllus.flavicaudus,Dascyllus flavicaudus abundance predicts coral condition,condition-subset per-species LMMs,top_075_by_abundance,ranked_top_N,75,75,71,sqrt abundance LMM,0.3205959637563025,1.5752253442780673,30.957683369207718,NA,0.12536996046120258,FALSE,positive,44,BH p=0.636,NS
species_condition_Dascyllus.flavicaudus,Dascyllus flavicaudus abundance predicts coral condition,condition-subset per-species LMMs,top_100_by_abundance,ranked_top_N,100,100,85,sqrt abundance LMM,0.3205959637563025,1.5752253442780673,30.957683369207718,NA,0.12536996046120258,FALSE,positive,44,BH p=0.627,NS
species_condition_Dascyllus.flavicaudus,Dascyllus flavicaudus abundance predicts coral condition,condition-subset per-species LMMs,all_observed_species,reference_full,118,118,96,sqrt abundance LMM,0.3205959637563025,1.5752253442780673,30.957683369207718,NA,0.12536996046120258,FALSE,positive,44,BH p=0.708,NS
species_condition_Dascyllus.flavicaudus,Dascyllus flavicaudus abundance predicts coral condition,condition-subset per-species LMMs,main_38_10x10_corrected,reference_main,38,38,38,sqrt abundance LMM,0.3205959637563025,1.5752253442780673,30.957683369207718,NA,0.12536996046120258,FALSE,positive,44,BH p=0.529,NS
species_condition_Harpiliopsis.spinigera,Harpiliopsis spinigera abundance predicts coral condition,condition-subset per-species LMMs,damselfish_only,functional_subset,5,5,5,sqrt abundance LMM,NA,NA,NA,NA,NA,NA,not included,0,species not in this inclusion set,NA
species_condition_Harpiliopsis.spinigera,Harpiliopsis spinigera abundance predicts coral condition,condition-subset per-species LMMs,obligate_plus_damselfish,functional_subset,27,27,26,sqrt abundance LMM,0.4545990052723649,1.477839118257219,39.7894029252458,NA,0.14732350735077587,FALSE,positive,44,BH p=0.479,NS
species_condition_Harpiliopsis.spinigera,Harpiliopsis spinigera abundance predicts coral condition,condition-subset per-species LMMs,top_005_by_abundance,ranked_top_N,5,5,5,sqrt abundance LMM,0.4545990052723649,1.477839118257219,39.7894029252458,NA,0.14732350735077587,FALSE,positive,44,BH p=0.246,NS
species_condition_Harpiliopsis.spinigera,Harpiliopsis spinigera abundance predicts coral condition,condition-subset per-species LMMs,top_010_by_abundance,ranked_top_N,10,10,10,sqrt abundance LMM,0.4545990052723649,1.477839118257219,39.7894029252458,NA,0.14732350735077587,FALSE,positive,44,BH p=0.328,NS
species_condition_Harpiliopsis.spinigera,Harpiliopsis spinigera abundance predicts coral condition,condition-subset per-species LMMs,top_015_by_abundance,ranked_top_N,15,15,15,sqrt abundance LMM,0.4545990052723649,1.477839118257219,39.7894029252458,NA,0.14732350735077587,FALSE,positive,44,BH p=0.409,NS
species_condition_Harpiliopsis.spinigera,Harpiliopsis spinigera abundance predicts coral condition,condition-subset per-species LMMs,top_020_by_abundance,ranked_top_N,20,20,20,sqrt abundance LMM,0.4545990052723649,1.477839118257219,39.7894029252458,NA,0.14732350735077587,FALSE,positive,44,BH p=0.468,NS
species_condition_Harpiliopsis.spinigera,Harpiliopsis spinigera abundance predicts coral condition,condition-subset per-species LMMs,top_025_by_abundance,ranked_top_N,25,25,25,sqrt abundance LMM,0.4545990052723649,1.477839118257219,39.7894029252458,NA,0.14732350735077587,FALSE,positive,44,BH p=0.455,NS
species_condition_Harpiliopsis.spinigera,Harpiliopsis spinigera abundance predicts coral condition,condition-subset per-species LMMs,top_030_by_abundance,ranked_top_N,30,30,30,sqrt abundance LMM,0.4545990052723649,1.477839118257219,39.7894029252458,NA,0.14732350735077587,FALSE,positive,44,BH p=0.491,NS
species_condition_Harpiliopsis.spinigera,Harpiliopsis spinigera abundance predicts coral condition,condition-subset per-species LMMs,top_038_by_abundance,ranked_top_N,38,38,38,sqrt abundance LMM,0.4545990052723649,1.477839118257219,39.7894029252458,NA,0.14732350735077587,FALSE,positive,44,BH p=0.560,NS
species_condition_Harpiliopsis.spinigera,Harpiliopsis spinigera abundance predicts coral condition,condition-subset per-species LMMs,top_050_by_abundance,ranked_top_N,50,50,50,sqrt abundance LMM,0.4545990052723649,1.477839118257219,39.7894029252458,NA,0.14732350735077587,FALSE,positive,44,BH p=0.614,NS
species_condition_Harpiliopsis.spinigera,Harpiliopsis spinigera abundance predicts coral condition,condition-subset per-species LMMs,top_075_by_abundance,ranked_top_N,75,75,71,sqrt abundance LMM,0.4545990052723649,1.477839118257219,39.7894029252458,NA,0.14732350735077587,FALSE,positive,44,BH p=0.697,NS
species_condition_Harpiliopsis.spinigera,Harpiliopsis spinigera abundance predicts coral condition,condition-subset per-species LMMs,top_100_by_abundance,ranked_top_N,100,100,85,sqrt abundance LMM,0.4545990052723649,1.477839118257219,39.7894029252458,NA,0.14732350735077587,FALSE,positive,44,BH p=0.659,NS
species_condition_Harpiliopsis.spinigera,Harpiliopsis spinigera abundance predicts coral condition,condition-subset per-species LMMs,all_observed_species,reference_full,118,118,96,sqrt abundance LMM,0.4545990052723649,1.477839118257219,39.7894029252458,NA,0.14732350735077587,FALSE,positive,44,BH p=0.744,NS
species_condition_Harpiliopsis.spinigera,Harpiliopsis spinigera abundance predicts coral condition,condition-subset per-species LMMs,main_38_10x10_corrected,reference_main,38,38,38,sqrt abundance LMM,0.4545990052723649,1.477839118257219,39.7894029252458,NA,0.14732350735077587,FALSE,positive,44,BH p=0.560,NS
species_condition_Luniella.pugil,Luniella pugil abundance predicts coral condition,condition-subset per-species LMMs,damselfish_only,functional_subset,5,5,5,sqrt abundance LMM,NA,NA,NA,NA,NA,NA,not included,0,species not in this inclusion set,NA
species_condition_Luniella.pugil,Luniella pugil abundance predicts coral condition,condition-subset per-species LMMs,obligate_plus_damselfish,functional_subset,27,27,26,sqrt abundance LMM,NA,NA,NA,NA,NA,NA,not included,0,species not in this inclusion set,NA
species_condition_Luniella.pugil,Luniella pugil abundance predicts coral condition,condition-subset per-species LMMs,top_005_by_abundance,ranked_top_N,5,5,5,sqrt abundance LMM,NA,NA,NA,NA,NA,NA,not included,0,species not in this inclusion set,NA
species_condition_Luniella.pugil,Luniella pugil abundance predicts coral condition,condition-subset per-species LMMs,top_010_by_abundance,ranked_top_N,10,10,10,sqrt abundance LMM,NA,NA,NA,NA,NA,NA,not included,0,species not in this inclusion set,NA
species_condition_Luniella.pugil,Luniella pugil abundance predicts coral condition,condition-subset per-species LMMs,top_015_by_abundance,ranked_top_N,15,15,15,sqrt abundance LMM,NA,NA,NA,NA,NA,NA,not included,0,species not in this inclusion set,NA
species_condition_Luniella.pugil,Luniella pugil abundance predicts coral condition,condition-subset per-species LMMs,top_020_by_abundance,ranked_top_N,20,20,20,sqrt abundance LMM,-0.9168362992040319,-2.589615015872073,38.54195911991352,NA,0.013487619502702334,TRUE,negative,44,BH p=0.270,*
species_condition_Luniella.pugil,Luniella pugil abundance predicts coral condition,condition-subset per-species LMMs,top_025_by_abundance,ranked_top_N,25,25,25,sqrt abundance LMM,-0.9168362992040319,-2.589615015872073,38.54195911991352,NA,0.013487619502702334,TRUE,negative,44,BH p=0.169,*
species_condition_Luniella.pugil,Luniella pugil abundance predicts coral condition,condition-subset per-species LMMs,top_030_by_abundance,ranked_top_N,30,30,30,sqrt abundance LMM,-0.9168362992040319,-2.589615015872073,38.54195911991352,NA,0.013487619502702334,TRUE,negative,44,BH p=0.202,*
species_condition_Luniella.pugil,Luniella pugil abundance predicts coral condition,condition-subset per-species LMMs,top_038_by_abundance,ranked_top_N,38,38,38,sqrt abundance LMM,-0.9168362992040319,-2.589615015872073,38.54195911991352,NA,0.013487619502702334,TRUE,negative,44,BH p=0.256,*
species_condition_Luniella.pugil,Luniella pugil abundance predicts coral condition,condition-subset per-species LMMs,top_050_by_abundance,ranked_top_N,50,50,50,sqrt abundance LMM,-0.9168362992040319,-2.589615015872073,38.54195911991352,NA,0.013487619502702334,TRUE,negative,44,BH p=0.337,*
species_condition_Luniella.pugil,Luniella pugil abundance predicts coral condition,condition-subset per-species LMMs,top_075_by_abundance,ranked_top_N,75,75,71,sqrt abundance LMM,-0.9168362992040319,-2.589615015872073,38.54195911991352,NA,0.013487619502702334,TRUE,negative,44,BH p=0.239,*
species_condition_Luniella.pugil,Luniella pugil abundance predicts coral condition,condition-subset per-species LMMs,top_100_by_abundance,ranked_top_N,100,100,85,sqrt abundance LMM,-0.9168362992040319,-2.589615015872073,38.54195911991352,NA,0.013487619502702334,TRUE,negative,44,BH p=0.191,*
species_condition_Luniella.pugil,Luniella pugil abundance predicts coral condition,condition-subset per-species LMMs,all_observed_species,reference_full,118,118,96,sqrt abundance LMM,-0.9168362992040319,-2.589615015872073,38.54195911991352,NA,0.013487619502702334,TRUE,negative,44,BH p=0.216,*
species_condition_Luniella.pugil,Luniella pugil abundance predicts coral condition,condition-subset per-species LMMs,main_38_10x10_corrected,reference_main,38,38,38,sqrt abundance LMM,-0.9168362992040319,-2.589615015872073,38.54195911991352,NA,0.013487619502702334,TRUE,negative,44,BH p=0.256,*
species_condition_Mitrella.moleculina,Mitrella moleculina abundance predicts coral condition,condition-subset per-species LMMs,damselfish_only,functional_subset,5,5,5,sqrt abundance LMM,NA,NA,NA,NA,NA,NA,not included,0,species not in this inclusion set,NA
species_condition_Mitrella.moleculina,Mitrella moleculina abundance predicts coral condition,condition-subset per-species LMMs,obligate_plus_damselfish,functional_subset,27,27,26,sqrt abundance LMM,NA,NA,NA,NA,NA,NA,not included,0,species not in this inclusion set,NA
species_condition_Mitrella.moleculina,Mitrella moleculina abundance predicts coral condition,condition-subset per-species LMMs,top_005_by_abundance,ranked_top_N,5,5,5,sqrt abundance LMM,NA,NA,NA,NA,NA,NA,not included,0,species not in this inclusion set,NA
species_condition_Mitrella.moleculina,Mitrella moleculina abundance predicts coral condition,condition-subset per-species LMMs,top_010_by_abundance,ranked_top_N,10,10,10,sqrt abundance LMM,NA,NA,NA,NA,NA,NA,not included,0,species not in this inclusion set,NA
species_condition_Mitrella.moleculina,Mitrella moleculina abundance predicts coral condition,condition-subset per-species LMMs,top_015_by_abundance,ranked_top_N,15,15,15,sqrt abundance LMM,NA,NA,NA,NA,NA,NA,not included,0,species not in this inclusion set,NA
species_condition_Mitrella.moleculina,Mitrella moleculina abundance predicts coral condition,condition-subset per-species LMMs,top_020_by_abundance,ranked_top_N,20,20,20,sqrt abundance LMM,NA,NA,NA,NA,NA,NA,not included,0,species not in this inclusion set,NA
species_condition_Mitrella.moleculina,Mitrella moleculina abundance predicts coral condition,condition-subset per-species LMMs,top_025_by_abundance,ranked_top_N,25,25,25,sqrt abundance LMM,-0.34132576711190454,-0.7992304338521564,38.002577876170015,NA,0.4291240681370463,FALSE,negative,44,BH p=0.715,NS
species_condition_Mitrella.moleculina,Mitrella moleculina abundance predicts coral condition,condition-subset per-species LMMs,top_030_by_abundance,ranked_top_N,30,30,30,sqrt abundance LMM,-0.34132576711190454,-0.7992304338521564,38.002577876170015,NA,0.4291240681370463,FALSE,negative,44,BH p=0.805,NS
species_condition_Mitrella.moleculina,Mitrella moleculina abundance predicts coral condition,condition-subset per-species LMMs,top_038_by_abundance,ranked_top_N,38,38,38,sqrt abundance LMM,-0.34132576711190454,-0.7992304338521564,38.002577876170015,NA,0.4291240681370463,FALSE,negative,44,BH p=0.815,NS
species_condition_Mitrella.moleculina,Mitrella moleculina abundance predicts coral condition,condition-subset per-species LMMs,top_050_by_abundance,ranked_top_N,50,50,50,sqrt abundance LMM,-0.34132576711190454,-0.7992304338521564,38.002577876170015,NA,0.4291240681370463,FALSE,negative,44,BH p=0.894,NS
species_condition_Mitrella.moleculina,Mitrella moleculina abundance predicts coral condition,condition-subset per-species LMMs,top_075_by_abundance,ranked_top_N,75,75,71,sqrt abundance LMM,-0.34132576711190454,-0.7992304338521564,38.002577876170015,NA,0.4291240681370463,FALSE,negative,44,BH p=0.917,NS
species_condition_Mitrella.moleculina,Mitrella moleculina abundance predicts coral condition,condition-subset per-species LMMs,top_100_by_abundance,ranked_top_N,100,100,85,sqrt abundance LMM,-0.34132576711190454,-0.7992304338521564,38.002577876170015,NA,0.4291240681370463,FALSE,negative,44,BH p=0.928,NS
species_condition_Mitrella.moleculina,Mitrella moleculina abundance predicts coral condition,condition-subset per-species LMMs,all_observed_species,reference_full,118,118,96,sqrt abundance LMM,-0.34132576711190454,-0.7992304338521564,38.002577876170015,NA,0.4291240681370463,FALSE,negative,44,BH p=0.967,NS
species_condition_Mitrella.moleculina,Mitrella moleculina abundance predicts coral condition,condition-subset per-species LMMs,main_38_10x10_corrected,reference_main,38,38,38,sqrt abundance LMM,-0.34132576711190454,-0.7992304338521564,38.002577876170015,NA,0.4291240681370463,FALSE,negative,44,BH p=0.858,NS
species_condition_Morula.zebrina,Morula zebrina abundance predicts coral condition,condition-subset per-species LMMs,damselfish_only,functional_subset,5,5,5,sqrt abundance LMM,NA,NA,NA,NA,NA,NA,not included,0,species not in this inclusion set,NA
species_condition_Morula.zebrina,Morula zebrina abundance predicts coral condition,condition-subset per-species LMMs,obligate_plus_damselfish,functional_subset,27,27,26,sqrt abundance LMM,NA,NA,NA,NA,NA,NA,not included,0,species not in this inclusion set,NA
species_condition_Morula.zebrina,Morula zebrina abundance predicts coral condition,condition-subset per-species LMMs,top_005_by_abundance,ranked_top_N,5,5,5,sqrt abundance LMM,NA,NA,NA,NA,NA,NA,not included,0,species not in this inclusion set,NA
species_condition_Morula.zebrina,Morula zebrina abundance predicts coral condition,condition-subset per-species LMMs,top_010_by_abundance,ranked_top_N,10,10,10,sqrt abundance LMM,NA,NA,NA,NA,NA,NA,not included,0,species not in this inclusion set,NA
species_condition_Morula.zebrina,Morula zebrina abundance predicts coral condition,condition-subset per-species LMMs,top_015_by_abundance,ranked_top_N,15,15,15,sqrt abundance LMM,NA,NA,NA,NA,NA,NA,not included,0,species not in this inclusion set,NA
species_condition_Morula.zebrina,Morula zebrina abundance predicts coral condition,condition-subset per-species LMMs,top_020_by_abundance,ranked_top_N,20,20,20,sqrt abundance LMM,NA,NA,NA,NA,NA,NA,not included,0,species not in this inclusion set,NA
species_condition_Morula.zebrina,Morula zebrina abundance predicts coral condition,condition-subset per-species LMMs,top_025_by_abundance,ranked_top_N,25,25,25,sqrt abundance LMM,NA,NA,NA,NA,NA,NA,not included,0,species not in this inclusion set,NA
species_condition_Morula.zebrina,Morula zebrina abundance predicts coral condition,condition-subset per-species LMMs,top_030_by_abundance,ranked_top_N,30,30,30,sqrt abundance LMM,0.13307793325593925,0.32631885503454505,35.23044877628899,NA,0.7461137511684801,FALSE,positive,44,BH p=0.919,NS
species_condition_Morula.zebrina,Morula zebrina abundance predicts coral condition,condition-subset per-species LMMs,top_038_by_abundance,ranked_top_N,38,38,38,sqrt abundance LMM,0.13307793325593925,0.32631885503454505,35.23044877628899,NA,0.7461137511684801,FALSE,positive,44,BH p=0.898,NS
species_condition_Morula.zebrina,Morula zebrina abundance predicts coral condition,condition-subset per-species LMMs,top_050_by_abundance,ranked_top_N,50,50,50,sqrt abundance LMM,0.13307793325593925,0.32631885503454505,35.23044877628899,NA,0.7461137511684801,FALSE,positive,44,BH p=0.919,NS
species_condition_Morula.zebrina,Morula zebrina abundance predicts coral condition,condition-subset per-species LMMs,top_075_by_abundance,ranked_top_N,75,75,71,sqrt abundance LMM,0.13307793325593925,0.32631885503454505,35.23044877628899,NA,0.7461137511684801,FALSE,positive,44,BH p=0.917,NS
species_condition_Morula.zebrina,Morula zebrina abundance predicts coral condition,condition-subset per-species LMMs,top_100_by_abundance,ranked_top_N,100,100,85,sqrt abundance LMM,0.13307793325593925,0.32631885503454505,35.23044877628899,NA,0.7461137511684801,FALSE,positive,44,BH p=0.928,NS
species_condition_Morula.zebrina,Morula zebrina abundance predicts coral condition,condition-subset per-species LMMs,all_observed_species,reference_full,118,118,96,sqrt abundance LMM,0.13307793325593925,0.32631885503454505,35.23044877628899,NA,0.7461137511684801,FALSE,positive,44,BH p=0.967,NS
species_condition_Morula.zebrina,Morula zebrina abundance predicts coral condition,condition-subset per-species LMMs,main_38_10x10_corrected,reference_main,38,38,38,sqrt abundance LMM,0.13307793325593925,0.32631885503454505,35.23044877628899,NA,0.7461137511684801,FALSE,positive,44,BH p=0.898,NS
species_condition_Trapezia.serenei,Trapezia serenei abundance predicts coral condition,condition-subset per-species LMMs,damselfish_only,functional_subset,5,5,5,sqrt abundance LMM,NA,NA,NA,NA,NA,NA,not included,0,species not in this inclusion set,NA
species_condition_Trapezia.serenei,Trapezia serenei abundance predicts coral condition,condition-subset per-species LMMs,obligate_plus_damselfish,functional_subset,27,27,26,sqrt abundance LMM,-0.023161394281729055,-0.047619970644029695,41.999647422200454,NA,0.9622448410655704,FALSE,negative,44,BH p=0.981,NS
species_condition_Trapezia.serenei,Trapezia serenei abundance predicts coral condition,condition-subset per-species LMMs,top_005_by_abundance,ranked_top_N,5,5,5,sqrt abundance LMM,-0.023161394281729055,-0.047619970644029695,41.999647422200454,NA,0.9622448410655704,FALSE,negative,44,BH p=0.962,NS
species_condition_Trapezia.serenei,Trapezia serenei abundance predicts coral condition,condition-subset per-species LMMs,top_010_by_abundance,ranked_top_N,10,10,10,sqrt abundance LMM,-0.023161394281729055,-0.047619970644029695,41.999647422200454,NA,0.9622448410655704,FALSE,negative,44,BH p=0.962,NS
species_condition_Trapezia.serenei,Trapezia serenei abundance predicts coral condition,condition-subset per-species LMMs,top_015_by_abundance,ranked_top_N,15,15,15,sqrt abundance LMM,-0.023161394281729055,-0.047619970644029695,41.999647422200454,NA,0.9622448410655704,FALSE,negative,44,BH p=0.962,NS
species_condition_Trapezia.serenei,Trapezia serenei abundance predicts coral condition,condition-subset per-species LMMs,top_020_by_abundance,ranked_top_N,20,20,20,sqrt abundance LMM,-0.023161394281729055,-0.047619970644029695,41.999647422200454,NA,0.9622448410655704,FALSE,negative,44,BH p=0.962,NS
species_condition_Trapezia.serenei,Trapezia serenei abundance predicts coral condition,condition-subset per-species LMMs,top_025_by_abundance,ranked_top_N,25,25,25,sqrt abundance LMM,-0.023161394281729055,-0.047619970644029695,41.999647422200454,NA,0.9622448410655704,FALSE,negative,44,BH p=0.962,NS
species_condition_Trapezia.serenei,Trapezia serenei abundance predicts coral condition,condition-subset per-species LMMs,top_030_by_abundance,ranked_top_N,30,30,30,sqrt abundance LMM,-0.023161394281729055,-0.047619970644029695,41.999647422200454,NA,0.9622448410655704,FALSE,negative,44,BH p=0.962,NS
species_condition_Trapezia.serenei,Trapezia serenei abundance predicts coral condition,condition-subset per-species LMMs,top_038_by_abundance,ranked_top_N,38,38,38,sqrt abundance LMM,-0.023161394281729055,-0.047619970644029695,41.999647422200454,NA,0.9622448410655704,FALSE,negative,44,BH p=0.962,NS
species_condition_Trapezia.serenei,Trapezia serenei abundance predicts coral condition,condition-subset per-species LMMs,top_050_by_abundance,ranked_top_N,50,50,50,sqrt abundance LMM,-0.023161394281729055,-0.047619970644029695,41.999647422200454,NA,0.9622448410655704,FALSE,negative,44,BH p=0.982,NS
species_condition_Trapezia.serenei,Trapezia serenei abundance predicts coral condition,condition-subset per-species LMMs,top_075_by_abundance,ranked_top_N,75,75,71,sqrt abundance LMM,-0.023161394281729055,-0.047619970644029695,41.999647422200454,NA,0.9622448410655704,FALSE,negative,44,BH p=0.990,NS
species_condition_Trapezia.serenei,Trapezia serenei abundance predicts coral condition,condition-subset per-species LMMs,top_100_by_abundance,ranked_top_N,100,100,85,sqrt abundance LMM,-0.023161394281729055,-0.047619970644029695,41.999647422200454,NA,0.9622448410655704,FALSE,negative,44,BH p=0.985,NS
species_condition_Trapezia.serenei,Trapezia serenei abundance predicts coral condition,condition-subset per-species LMMs,all_observed_species,reference_full,118,118,96,sqrt abundance LMM,-0.023161394281729055,-0.047619970644029695,41.999647422200454,NA,0.9622448410655704,FALSE,negative,44,BH p=0.992,NS
species_condition_Trapezia.serenei,Trapezia serenei abundance predicts coral condition,condition-subset per-species LMMs,main_38_10x10_corrected,reference_main,38,38,38,sqrt abundance LMM,-0.023161394281729055,-0.047619970644029695,41.999647422200454,NA,0.9622448410655704,FALSE,negative,44,BH p=0.962,NS
species_condition_Xanthias.lamarckii,Xanthias lamarckii abundance predicts coral condition,condition-subset per-species LMMs,damselfish_only,functional_subset,5,5,5,sqrt abundance LMM,NA,NA,NA,NA,NA,NA,not included,0,species not in this inclusion set,NA
species_condition_Xanthias.lamarckii,Xanthias lamarckii abundance predicts coral condition,condition-subset per-species LMMs,obligate_plus_damselfish,functional_subset,27,27,26,sqrt abundance LMM,NA,NA,NA,NA,NA,NA,not included,0,species not in this inclusion set,NA
species_condition_Xanthias.lamarckii,Xanthias lamarckii abundance predicts coral condition,condition-subset per-species LMMs,top_005_by_abundance,ranked_top_N,5,5,5,sqrt abundance LMM,NA,NA,NA,NA,NA,NA,not included,0,species not in this inclusion set,NA
species_condition_Xanthias.lamarckii,Xanthias lamarckii abundance predicts coral condition,condition-subset per-species LMMs,top_010_by_abundance,ranked_top_N,10,10,10,sqrt abundance LMM,NA,NA,NA,NA,NA,NA,not included,0,species not in this inclusion set,NA
species_condition_Xanthias.lamarckii,Xanthias lamarckii abundance predicts coral condition,condition-subset per-species LMMs,top_015_by_abundance,ranked_top_N,15,15,15,sqrt abundance LMM,NA,NA,NA,NA,NA,NA,not included,0,species not in this inclusion set,NA
species_condition_Xanthias.lamarckii,Xanthias lamarckii abundance predicts coral condition,condition-subset per-species LMMs,top_020_by_abundance,ranked_top_N,20,20,20,sqrt abundance LMM,NA,NA,NA,NA,NA,NA,not included,0,species not in this inclusion set,NA
species_condition_Xanthias.lamarckii,Xanthias lamarckii abundance predicts coral condition,condition-subset per-species LMMs,top_025_by_abundance,ranked_top_N,25,25,25,sqrt abundance LMM,NA,NA,NA,NA,NA,NA,not included,0,species not in this inclusion set,NA
species_condition_Xanthias.lamarckii,Xanthias lamarckii abundance predicts coral condition,condition-subset per-species LMMs,top_030_by_abundance,ranked_top_N,30,30,30,sqrt abundance LMM,NA,NA,NA,NA,NA,NA,not included,0,species not in this inclusion set,NA
species_condition_Xanthias.lamarckii,Xanthias lamarckii abundance predicts coral condition,condition-subset per-species LMMs,top_038_by_abundance,ranked_top_N,38,38,38,sqrt abundance LMM,-0.36809062702522255,-0.7089387372638931,38.557694147288885,NA,0.48262724843948035,FALSE,negative,44,BH p=0.834,NS
species_condition_Xanthias.lamarckii,Xanthias lamarckii abundance predicts coral condition,condition-subset per-species LMMs,top_050_by_abundance,ranked_top_N,50,50,50,sqrt abundance LMM,-0.36809062702522255,-0.7089387372638931,38.557694147288885,NA,0.48262724843948035,FALSE,negative,44,BH p=0.919,NS
species_condition_Xanthias.lamarckii,Xanthias lamarckii abundance predicts coral condition,condition-subset per-species LMMs,top_075_by_abundance,ranked_top_N,75,75,71,sqrt abundance LMM,-0.36809062702522255,-0.7089387372638931,38.557694147288885,NA,0.48262724843948035,FALSE,negative,44,BH p=0.917,NS
species_condition_Xanthias.lamarckii,Xanthias lamarckii abundance predicts coral condition,condition-subset per-species LMMs,top_100_by_abundance,ranked_top_N,100,100,85,sqrt abundance LMM,-0.36809062702522255,-0.7089387372638931,38.557694147288885,NA,0.48262724843948035,FALSE,negative,44,BH p=0.928,NS
species_condition_Xanthias.lamarckii,Xanthias lamarckii abundance predicts coral condition,condition-subset per-species LMMs,all_observed_species,reference_full,118,118,96,sqrt abundance LMM,-0.36809062702522255,-0.7089387372638931,38.557694147288885,NA,0.48262724843948035,FALSE,negative,44,BH p=0.967,NS
species_condition_Xanthias.lamarckii,Xanthias lamarckii abundance predicts coral condition,condition-subset per-species LMMs,main_38_10x10_corrected,reference_main,38,38,38,sqrt abundance LMM,-0.36809062702522255,-0.7089387372638931,38.557694147288885,NA,0.48262724843948035,FALSE,negative,44,BH p=0.873,NS
species_condition_sig_negative_count,Number of included species negatively associated with coral condition,condition-subset per-species LMMs,damselfish_only,functional_subset,5,5,5,unadjusted p < 0.05 count,0,NA,NA,NA,NA,FALSE,count,5,BH-negative=0,NA
species_condition_sig_negative_count,Number of included species negatively associated with coral condition,condition-subset per-species LMMs,obligate_plus_damselfish,functional_subset,27,27,26,unadjusted p < 0.05 count,1,NA,NA,NA,NA,TRUE,count,27,BH-negative=0,NA
species_condition_sig_negative_count,Number of included species negatively associated with coral condition,condition-subset per-species LMMs,top_005_by_abundance,ranked_top_N,5,5,5,unadjusted p < 0.05 count,0,NA,NA,NA,NA,FALSE,count,5,BH-negative=0,NA
species_condition_sig_negative_count,Number of included species negatively associated with coral condition,condition-subset per-species LMMs,top_010_by_abundance,ranked_top_N,10,10,10,unadjusted p < 0.05 count,0,NA,NA,NA,NA,FALSE,count,10,BH-negative=0,NA
species_condition_sig_negative_count,Number of included species negatively associated with coral condition,condition-subset per-species LMMs,top_015_by_abundance,ranked_top_N,15,15,15,unadjusted p < 0.05 count,0,NA,NA,NA,NA,FALSE,count,15,BH-negative=0,NA
species_condition_sig_negative_count,Number of included species negatively associated with coral condition,condition-subset per-species LMMs,top_020_by_abundance,ranked_top_N,20,20,20,unadjusted p < 0.05 count,1,NA,NA,NA,NA,TRUE,count,20,BH-negative=0,NA
species_condition_sig_negative_count,Number of included species negatively associated with coral condition,condition-subset per-species LMMs,top_025_by_abundance,ranked_top_N,25,25,25,unadjusted p < 0.05 count,1,NA,NA,NA,NA,TRUE,count,25,BH-negative=0,NA
species_condition_sig_negative_count,Number of included species negatively associated with coral condition,condition-subset per-species LMMs,top_030_by_abundance,ranked_top_N,30,30,30,unadjusted p < 0.05 count,1,NA,NA,NA,NA,TRUE,count,30,BH-negative=0,NA
species_condition_sig_negative_count,Number of included species negatively associated with coral condition,condition-subset per-species LMMs,top_038_by_abundance,ranked_top_N,38,38,38,unadjusted p < 0.05 count,2,NA,NA,NA,NA,TRUE,count,38,BH-negative=0,NA
species_condition_sig_negative_count,Number of included species negatively associated with coral condition,condition-subset per-species LMMs,top_050_by_abundance,ranked_top_N,50,50,50,unadjusted p < 0.05 count,2,NA,NA,NA,NA,TRUE,count,50,BH-negative=0,NA
species_condition_sig_negative_count,Number of included species negatively associated with coral condition,condition-subset per-species LMMs,top_075_by_abundance,ranked_top_N,75,75,71,unadjusted p < 0.05 count,2,NA,NA,NA,NA,TRUE,count,75,BH-negative=0,NA
species_condition_sig_negative_count,Number of included species negatively associated with coral condition,condition-subset per-species LMMs,top_100_by_abundance,ranked_top_N,100,100,85,unadjusted p < 0.05 count,2,NA,NA,NA,NA,TRUE,count,100,BH-negative=0,NA
species_condition_sig_negative_count,Number of included species negatively associated with coral condition,condition-subset per-species LMMs,all_observed_species,reference_full,118,118,96,unadjusted p < 0.05 count,2,NA,NA,NA,NA,TRUE,count,118,BH-negative=0,NA
species_condition_sig_negative_count,Number of included species negatively associated with coral condition,condition-subset per-species LMMs,main_38_10x10_corrected,reference_main,38,38,38,unadjusted p < 0.05 count,2,NA,NA,NA,NA,TRUE,count,38,BH-negative=0,NA
species_condition_sig_positive_count,Number of included species positively associated with coral condition,condition-subset per-species LMMs,damselfish_only,functional_subset,5,5,5,unadjusted p < 0.05 count,0,NA,NA,NA,NA,FALSE,count,5,BH-positive=0,NA
species_condition_sig_positive_count,Number of included species positively associated with coral condition,condition-subset per-species LMMs,obligate_plus_damselfish,functional_subset,27,27,26,unadjusted p < 0.05 count,2,NA,NA,NA,NA,TRUE,count,27,BH-positive=1,NA
species_condition_sig_positive_count,Number of included species positively associated with coral condition,condition-subset per-species LMMs,top_005_by_abundance,ranked_top_N,5,5,5,unadjusted p < 0.05 count,1,NA,NA,NA,NA,TRUE,count,5,BH-positive=0,NA
species_condition_sig_positive_count,Number of included species positively associated with coral condition,condition-subset per-species LMMs,top_010_by_abundance,ranked_top_N,10,10,10,unadjusted p < 0.05 count,1,NA,NA,NA,NA,TRUE,count,10,BH-positive=0,NA
species_condition_sig_positive_count,Number of included species positively associated with coral condition,condition-subset per-species LMMs,top_015_by_abundance,ranked_top_N,15,15,15,unadjusted p < 0.05 count,1,NA,NA,NA,NA,TRUE,count,15,BH-positive=0,NA
species_condition_sig_positive_count,Number of included species positively associated with coral condition,condition-subset per-species LMMs,top_020_by_abundance,ranked_top_N,20,20,20,unadjusted p < 0.05 count,1,NA,NA,NA,NA,TRUE,count,20,BH-positive=0,NA
species_condition_sig_positive_count,Number of included species positively associated with coral condition,condition-subset per-species LMMs,top_025_by_abundance,ranked_top_N,25,25,25,unadjusted p < 0.05 count,2,NA,NA,NA,NA,TRUE,count,25,BH-positive=1,NA
species_condition_sig_positive_count,Number of included species positively associated with coral condition,condition-subset per-species LMMs,top_030_by_abundance,ranked_top_N,30,30,30,unadjusted p < 0.05 count,2,NA,NA,NA,NA,TRUE,count,30,BH-positive=1,NA
species_condition_sig_positive_count,Number of included species positively associated with coral condition,condition-subset per-species LMMs,top_038_by_abundance,ranked_top_N,38,38,38,unadjusted p < 0.05 count,2,NA,NA,NA,NA,TRUE,count,38,BH-positive=1,NA
species_condition_sig_positive_count,Number of included species positively associated with coral condition,condition-subset per-species LMMs,top_050_by_abundance,ranked_top_N,50,50,50,unadjusted p < 0.05 count,2,NA,NA,NA,NA,TRUE,count,50,BH-positive=1,NA
species_condition_sig_positive_count,Number of included species positively associated with coral condition,condition-subset per-species LMMs,top_075_by_abundance,ranked_top_N,75,75,71,unadjusted p < 0.05 count,4,NA,NA,NA,NA,TRUE,count,75,BH-positive=2,NA
species_condition_sig_positive_count,Number of included species positively associated with coral condition,condition-subset per-species LMMs,top_100_by_abundance,ranked_top_N,100,100,85,unadjusted p < 0.05 count,6,NA,NA,NA,NA,TRUE,count,100,BH-positive=2,NA
species_condition_sig_positive_count,Number of included species positively associated with coral condition,condition-subset per-species LMMs,all_observed_species,reference_full,118,118,96,unadjusted p < 0.05 count,6,NA,NA,NA,NA,TRUE,count,118,BH-positive=2,NA
species_condition_sig_positive_count,Number of included species positively associated with coral condition,condition-subset per-species LMMs,main_38_10x10_corrected,reference_main,38,38,38,unadjusted p < 0.05 count,2,NA,NA,NA,NA,TRUE,count,38,BH-positive=1,NA
species_scaling_point_above_pct_t6,Percent of included species with observed 6-coral density above proportional expectation,full CAFI reef-level abundance,damselfish_only,functional_subset,5,5,5,point-estimate percent,0,NA,NA,NA,NA,NA,mostly below,5,0 above; 4 below,NA
species_scaling_point_above_pct_t6,Percent of included species with observed 6-coral density above proportional expectation,full CAFI reef-level abundance,obligate_plus_damselfish,functional_subset,27,27,26,point-estimate percent,45.45454545454545,NA,NA,NA,NA,NA,mostly below,27,10 above; 12 below,NA
species_scaling_point_above_pct_t6,Percent of included species with observed 6-coral density above proportional expectation,full CAFI reef-level abundance,top_005_by_abundance,ranked_top_N,5,5,5,point-estimate percent,40,NA,NA,NA,NA,NA,mostly below,5,2 above; 3 below,NA
species_scaling_point_above_pct_t6,Percent of included species with observed 6-coral density above proportional expectation,full CAFI reef-level abundance,top_010_by_abundance,ranked_top_N,10,10,10,point-estimate percent,40,NA,NA,NA,NA,NA,mostly below,10,4 above; 6 below,NA
species_scaling_point_above_pct_t6,Percent of included species with observed 6-coral density above proportional expectation,full CAFI reef-level abundance,top_015_by_abundance,ranked_top_N,15,15,15,point-estimate percent,53.333333333333336,NA,NA,NA,NA,NA,mostly above,15,8 above; 7 below,NA
species_scaling_point_above_pct_t6,Percent of included species with observed 6-coral density above proportional expectation,full CAFI reef-level abundance,top_020_by_abundance,ranked_top_N,20,20,20,point-estimate percent,65,NA,NA,NA,NA,NA,mostly above,20,13 above; 7 below,NA
species_scaling_point_above_pct_t6,Percent of included species with observed 6-coral density above proportional expectation,full CAFI reef-level abundance,top_025_by_abundance,ranked_top_N,25,25,25,point-estimate percent,64,NA,NA,NA,NA,NA,mostly above,25,16 above; 9 below,NA
species_scaling_point_above_pct_t6,Percent of included species with observed 6-coral density above proportional expectation,full CAFI reef-level abundance,top_030_by_abundance,ranked_top_N,30,30,30,point-estimate percent,66.66666666666666,NA,NA,NA,NA,NA,mostly above,30,20 above; 10 below,NA
species_scaling_point_above_pct_t6,Percent of included species with observed 6-coral density above proportional expectation,full CAFI reef-level abundance,top_038_by_abundance,ranked_top_N,38,38,38,point-estimate percent,68.42105263157895,NA,NA,NA,NA,NA,mostly above,38,26 above; 12 below,NA
species_scaling_point_above_pct_t6,Percent of included species with observed 6-coral density above proportional expectation,full CAFI reef-level abundance,top_050_by_abundance,ranked_top_N,50,50,50,point-estimate percent,65.3061224489796,NA,NA,NA,NA,NA,mostly above,50,32 above; 17 below,NA
species_scaling_point_above_pct_t6,Percent of included species with observed 6-coral density above proportional expectation,full CAFI reef-level abundance,top_075_by_abundance,ranked_top_N,75,75,71,point-estimate percent,64.0625,NA,NA,NA,NA,NA,mostly above,75,41 above; 23 below,NA
species_scaling_point_above_pct_t6,Percent of included species with observed 6-coral density above proportional expectation,full CAFI reef-level abundance,top_100_by_abundance,ranked_top_N,100,100,85,point-estimate percent,58.333333333333336,NA,NA,NA,NA,NA,mostly above,100,42 above; 30 below,NA
species_scaling_point_above_pct_t6,Percent of included species with observed 6-coral density above proportional expectation,full CAFI reef-level abundance,all_observed_species,reference_full,118,118,96,point-estimate percent,54.54545454545454,NA,NA,NA,NA,NA,mostly above,118,42 above; 35 below,NA
species_scaling_point_above_pct_t6,Percent of included species with observed 6-coral density above proportional expectation,full CAFI reef-level abundance,main_38_10x10_corrected,reference_main,38,38,38,point-estimate percent,68.42105263157895,NA,NA,NA,NA,NA,mostly above,38,26 above; 12 below,NA
species_scaling_sig_above_count,Number of species significantly above proportional scaling,full CAFI reef-level abundance,damselfish_only,functional_subset,5,5,5,CI non-overlap count,0,NA,NA,NA,NA,FALSE,count,5,,NA
species_scaling_sig_above_count,Number of species significantly above proportional scaling,full CAFI reef-level abundance,obligate_plus_damselfish,functional_subset,27,27,26,CI non-overlap count,0,NA,NA,NA,NA,FALSE,count,27,,NA
species_scaling_sig_above_count,Number of species significantly above proportional scaling,full CAFI reef-level abundance,top_005_by_abundance,ranked_top_N,5,5,5,CI non-overlap count,0,NA,NA,NA,NA,FALSE,count,5,,NA
species_scaling_sig_above_count,Number of species significantly above proportional scaling,full CAFI reef-level abundance,top_010_by_abundance,ranked_top_N,10,10,10,CI non-overlap count,0,NA,NA,NA,NA,FALSE,count,10,,NA
species_scaling_sig_above_count,Number of species significantly above proportional scaling,full CAFI reef-level abundance,top_015_by_abundance,ranked_top_N,15,15,15,CI non-overlap count,0,NA,NA,NA,NA,FALSE,count,15,,NA
species_scaling_sig_above_count,Number of species significantly above proportional scaling,full CAFI reef-level abundance,top_020_by_abundance,ranked_top_N,20,20,20,CI non-overlap count,0,NA,NA,NA,NA,FALSE,count,20,,NA
species_scaling_sig_above_count,Number of species significantly above proportional scaling,full CAFI reef-level abundance,top_025_by_abundance,ranked_top_N,25,25,25,CI non-overlap count,1,NA,NA,NA,NA,TRUE,count,25,Mitrella moleculina,NA
species_scaling_sig_above_count,Number of species significantly above proportional scaling,full CAFI reef-level abundance,top_030_by_abundance,ranked_top_N,30,30,30,CI non-overlap count,1,NA,NA,NA,NA,TRUE,count,30,Mitrella moleculina,NA
species_scaling_sig_above_count,Number of species significantly above proportional scaling,full CAFI reef-level abundance,top_038_by_abundance,ranked_top_N,38,38,38,CI non-overlap count,2,NA,NA,NA,NA,TRUE,count,38,Mitrella moleculina; Xanthias lamarckii,NA
species_scaling_sig_above_count,Number of species significantly above proportional scaling,full CAFI reef-level abundance,top_050_by_abundance,ranked_top_N,50,50,50,CI non-overlap count,2,NA,NA,NA,NA,TRUE,count,50,Mitrella moleculina; Xanthias lamarckii,NA
species_scaling_sig_above_count,Number of species significantly above proportional scaling,full CAFI reef-level abundance,top_075_by_abundance,ranked_top_N,75,75,71,CI non-overlap count,5,NA,NA,NA,NA,TRUE,count,75,Breviturma pica; Chlorodiella laevissima; Cyclodius nitidus; Mitrella moleculina; Xanthias lamarckii,NA
species_scaling_sig_above_count,Number of species significantly above proportional scaling,full CAFI reef-level abundance,top_100_by_abundance,ranked_top_N,100,100,85,CI non-overlap count,6,NA,NA,NA,NA,TRUE,count,100,Breviturma pica; Chlorodiella laevissima; Cyclodius nitidus; Mitrella moleculina; Morula uva; Xanthias lamarckii,NA
species_scaling_sig_above_count,Number of species significantly above proportional scaling,full CAFI reef-level abundance,all_observed_species,reference_full,118,118,96,CI non-overlap count,6,NA,NA,NA,NA,TRUE,count,118,Breviturma pica; Chlorodiella laevissima; Cyclodius nitidus; Mitrella moleculina; Morula uva; Xanthias lamarckii,NA
species_scaling_sig_above_count,Number of species significantly above proportional scaling,full CAFI reef-level abundance,main_38_10x10_corrected,reference_main,38,38,38,CI non-overlap count,2,NA,NA,NA,NA,TRUE,count,38,Mitrella moleculina; Xanthias lamarckii,NA
species_scaling_sig_below_count,Number of species significantly below proportional scaling,full CAFI reef-level abundance,damselfish_only,functional_subset,5,5,5,CI non-overlap count,1,NA,NA,NA,NA,TRUE,count,5,Dascyllus aruanus,NA
species_scaling_sig_below_count,Number of species significantly below proportional scaling,full CAFI reef-level abundance,obligate_plus_damselfish,functional_subset,27,27,26,CI non-overlap count,1,NA,NA,NA,NA,TRUE,count,27,Dascyllus aruanus,NA
species_scaling_sig_below_count,Number of species significantly below proportional scaling,full CAFI reef-level abundance,top_005_by_abundance,ranked_top_N,5,5,5,CI non-overlap count,0,NA,NA,NA,NA,FALSE,count,5,,NA
species_scaling_sig_below_count,Number of species significantly below proportional scaling,full CAFI reef-level abundance,top_010_by_abundance,ranked_top_N,10,10,10,CI non-overlap count,1,NA,NA,NA,NA,TRUE,count,10,Dascyllus aruanus,NA
species_scaling_sig_below_count,Number of species significantly below proportional scaling,full CAFI reef-level abundance,top_015_by_abundance,ranked_top_N,15,15,15,CI non-overlap count,1,NA,NA,NA,NA,TRUE,count,15,Dascyllus aruanus,NA
species_scaling_sig_below_count,Number of species significantly below proportional scaling,full CAFI reef-level abundance,top_020_by_abundance,ranked_top_N,20,20,20,CI non-overlap count,1,NA,NA,NA,NA,TRUE,count,20,Dascyllus aruanus,NA
species_scaling_sig_below_count,Number of species significantly below proportional scaling,full CAFI reef-level abundance,top_025_by_abundance,ranked_top_N,25,25,25,CI non-overlap count,1,NA,NA,NA,NA,TRUE,count,25,Dascyllus aruanus,NA
species_scaling_sig_below_count,Number of species significantly below proportional scaling,full CAFI reef-level abundance,top_030_by_abundance,ranked_top_N,30,30,30,CI non-overlap count,1,NA,NA,NA,NA,TRUE,count,30,Dascyllus aruanus,NA
species_scaling_sig_below_count,Number of species significantly below proportional scaling,full CAFI reef-level abundance,top_038_by_abundance,ranked_top_N,38,38,38,CI non-overlap count,1,NA,NA,NA,NA,TRUE,count,38,Dascyllus aruanus,NA
species_scaling_sig_below_count,Number of species significantly below proportional scaling,full CAFI reef-level abundance,top_050_by_abundance,ranked_top_N,50,50,50,CI non-overlap count,1,NA,NA,NA,NA,TRUE,count,50,Dascyllus aruanus,NA
species_scaling_sig_below_count,Number of species significantly below proportional scaling,full CAFI reef-level abundance,top_075_by_abundance,ranked_top_N,75,75,71,CI non-overlap count,1,NA,NA,NA,NA,TRUE,count,75,Dascyllus aruanus,NA
species_scaling_sig_below_count,Number of species significantly below proportional scaling,full CAFI reef-level abundance,top_100_by_abundance,ranked_top_N,100,100,85,CI non-overlap count,1,NA,NA,NA,NA,TRUE,count,100,Dascyllus aruanus,NA
species_scaling_sig_below_count,Number of species significantly below proportional scaling,full CAFI reef-level abundance,all_observed_species,reference_full,118,118,96,CI non-overlap count,1,NA,NA,NA,NA,TRUE,count,118,Dascyllus aruanus,NA
species_scaling_sig_below_count,Number of species significantly below proportional scaling,full CAFI reef-level abundance,main_38_10x10_corrected,reference_main,38,38,38,CI non-overlap count,1,NA,NA,NA,NA,TRUE,count,38,Dascyllus aruanus,NA
total_abundance_scaling_t6,Total CAFI abundance in 6-coral reefs vs proportional expectation,full CAFI reef-level abundance,damselfish_only,functional_subset,5,5,5,percent deviation from 6 x mean single-coral reef,-49.26470588235294,NA,NA,NA,NA,FALSE,Proportional,27,obs=23.00; expected=45.33; bootstrap class=Proportional,NA
total_abundance_scaling_t6,Total CAFI abundance in 6-coral reefs vs proportional expectation,full CAFI reef-level abundance,obligate_plus_damselfish,functional_subset,27,27,26,percent deviation from 6 x mean single-coral reef,-40.9054805401112,NA,NA,NA,NA,FALSE,Proportional,27,obs=248.00; expected=419.67; bootstrap class=Proportional,NA
total_abundance_scaling_t6,Total CAFI abundance in 6-coral reefs vs proportional expectation,full CAFI reef-level abundance,top_005_by_abundance,ranked_top_N,5,5,5,percent deviation from 6 x mean single-coral reef,-30.8,NA,NA,NA,NA,FALSE,Proportional,27,obs=288.33; expected=416.67; bootstrap class=Proportional,NA
total_abundance_scaling_t6,Total CAFI abundance in 6-coral reefs vs proportional expectation,full CAFI reef-level abundance,top_010_by_abundance,ranked_top_N,10,10,10,percent deviation from 6 x mean single-coral reef,-25.328083989501316,NA,NA,NA,NA,FALSE,Proportional,27,obs=379.33; expected=508.00; bootstrap class=Proportional,NA
total_abundance_scaling_t6,Total CAFI abundance in 6-coral reefs vs proportional expectation,full CAFI reef-level abundance,top_015_by_abundance,ranked_top_N,15,15,15,percent deviation from 6 x mean single-coral reef,-20.310633213859017,NA,NA,NA,NA,FALSE,Proportional,27,obs=444.67; expected=558.00; bootstrap class=Proportional,NA
total_abundance_scaling_t6,Total CAFI abundance in 6-coral reefs vs proportional expectation,full CAFI reef-level abundance,top_020_by_abundance,ranked_top_N,20,20,20,percent deviation from 6 x mean single-coral reef,-16.609977324263042,NA,NA,NA,NA,FALSE,Proportional,27,obs=490.33; expected=588.00; bootstrap class=Proportional,NA
total_abundance_scaling_t6,Total CAFI abundance in 6-coral reefs vs proportional expectation,full CAFI reef-level abundance,top_025_by_abundance,ranked_top_N,25,25,25,percent deviation from 6 x mean single-coral reef,-14.814814814814822,NA,NA,NA,NA,FALSE,Proportional,27,obs=513.67; expected=603.00; bootstrap class=Proportional,NA
total_abundance_scaling_t6,Total CAFI abundance in 6-coral reefs vs proportional expectation,full CAFI reef-level abundance,top_030_by_abundance,ranked_top_N,30,30,30,percent deviation from 6 x mean single-coral reef,-12.260536398467426,NA,NA,NA,NA,FALSE,Proportional,27,obs=534.33; expected=609.00; bootstrap class=Proportional,NA
total_abundance_scaling_t6,Total CAFI abundance in 6-coral reefs vs proportional expectation,full CAFI reef-level abundance,top_038_by_abundance,ranked_top_N,38,38,38,percent deviation from 6 x mean single-coral reef,-10.831099195710461,NA,NA,NA,NA,FALSE,Proportional,27,obs=554.33; expected=621.67; bootstrap class=Proportional,NA
total_abundance_scaling_t6,Total CAFI abundance in 6-coral reefs vs proportional expectation,full CAFI reef-level abundance,top_050_by_abundance,ranked_top_N,50,50,50,percent deviation from 6 x mean single-coral reef,-10.326659641728124,NA,NA,NA,NA,FALSE,Proportional,27,obs=567.33; expected=632.67; bootstrap class=Proportional,NA
total_abundance_scaling_t6,Total CAFI abundance in 6-coral reefs vs proportional expectation,full CAFI reef-level abundance,top_075_by_abundance,ranked_top_N,75,75,71,percent deviation from 6 x mean single-coral reef,-9.313215400624344,NA,NA,NA,NA,FALSE,Proportional,27,obs=581.00; expected=640.67; bootstrap class=Proportional,NA
total_abundance_scaling_t6,Total CAFI abundance in 6-coral reefs vs proportional expectation,full CAFI reef-level abundance,top_100_by_abundance,ranked_top_N,100,100,85,percent deviation from 6 x mean single-coral reef,-9.010875194199897,NA,NA,NA,NA,FALSE,Proportional,27,obs=585.67; expected=643.67; bootstrap class=Proportional,NA
total_abundance_scaling_t6,Total CAFI abundance in 6-coral reefs vs proportional expectation,full CAFI reef-level abundance,all_observed_species,reference_full,118,118,96,percent deviation from 6 x mean single-coral reef,-8.832644628099173,NA,NA,NA,NA,FALSE,Proportional,27,obs=588.33; expected=645.33; bootstrap class=Proportional,NA
total_abundance_scaling_t6,Total CAFI abundance in 6-coral reefs vs proportional expectation,full CAFI reef-level abundance,main_38_10x10_corrected,reference_main,38,38,38,percent deviation from 6 x mean single-coral reef,-10.890557939914174,NA,NA,NA,NA,FALSE,Proportional,27,obs=553.67; expected=621.33; bootstrap class=Proportional,NA
