species,treatment,observed_mean,expected_median,expected_parametric,deviation_pct,direction,significant,scenario_id,scenario_type,n_species_full_scope
Fennera chacei,3,51.83333333333333,100,102.16666666666667,-49.265905383360526,Proportional,FALSE,top_005_by_abundance,ranked_top_N,5
Fennera chacei,6,97.33333333333333,204,204.33333333333334,-52.365415986949436,Proportional,FALSE,top_005_by_abundance,ranked_top_N,5
Galeropsis monodonta,3,64,47,49,30.612244897959183,Proportional,FALSE,top_005_by_abundance,ranked_top_N,5
Galeropsis monodonta,6,116.66666666666667,97,98,19.047619047619055,Proportional,FALSE,top_005_by_abundance,ranked_top_N,5
Periclimenes watamuae,3,22.333333333333332,19,26.666666666666668,-16.25000000000001,Proportional,FALSE,top_005_by_abundance,ranked_top_N,5
Periclimenes watamuae,6,11,46,53.333333333333336,-79.37500000000001,Proportional,FALSE,top_005_by_abundance,ranked_top_N,5
Trapezia serenei,3,18.5,14,14,32.142857142857146,Proportional,FALSE,top_005_by_abundance,ranked_top_N,5
Trapezia serenei,6,39.666666666666664,28,28,41.666666666666664,Proportional,FALSE,top_005_by_abundance,ranked_top_N,5
Harpiliopsis spinigera,3,16,15,16.5,-3.0303030303030303,Proportional,FALSE,top_005_by_abundance,ranked_top_N,5
Harpiliopsis spinigera,6,23.666666666666668,32,33,-28.28282828282828,Proportional,FALSE,top_005_by_abundance,ranked_top_N,5
Fennera chacei,3,51.83333333333333,100,102.16666666666667,-49.265905383360526,Proportional,FALSE,top_010_by_abundance,ranked_top_N,10
Fennera chacei,6,97.33333333333333,204,204.33333333333334,-52.365415986949436,Proportional,FALSE,top_010_by_abundance,ranked_top_N,10
Galeropsis monodonta,3,64,47,49,30.612244897959183,Proportional,FALSE,top_010_by_abundance,ranked_top_N,10
Galeropsis monodonta,6,116.66666666666667,97,98,19.047619047619055,Proportional,FALSE,top_010_by_abundance,ranked_top_N,10
Periclimenes watamuae,3,22.333333333333332,19,26.666666666666668,-16.25000000000001,Proportional,FALSE,top_010_by_abundance,ranked_top_N,10
Periclimenes watamuae,6,11,46,53.333333333333336,-79.37500000000001,Proportional,FALSE,top_010_by_abundance,ranked_top_N,10
Trapezia serenei,3,18.5,14,14,32.142857142857146,Proportional,FALSE,top_010_by_abundance,ranked_top_N,10
Trapezia serenei,6,39.666666666666664,28,28,41.666666666666664,Proportional,FALSE,top_010_by_abundance,ranked_top_N,10
Harpiliopsis spinigera,3,16,15,16.5,-3.0303030303030303,Proportional,FALSE,top_010_by_abundance,ranked_top_N,10
Harpiliopsis spinigera,6,23.666666666666668,32,33,-28.28282828282828,Proportional,FALSE,top_010_by_abundance,ranked_top_N,10
Calcinus latens,3,16,9,9.833333333333332,62.711864406779675,Proportional,FALSE,top_010_by_abundance,ranked_top_N,10
Calcinus latens,6,23,19,19.666666666666664,16.949152542372897,Proportional,FALSE,top_010_by_abundance,ranked_top_N,10
Dascyllus aruanus,3,13,14,14.833333333333334,-12.359550561797757,Proportional,FALSE,top_010_by_abundance,ranked_top_N,10
Dascyllus aruanus,6,10,30,29.666666666666668,-66.29213483146067,Below Expected,TRUE,top_010_by_abundance,ranked_top_N,10
Paragobiodon modestus,3,8.333333333333334,9,9.5,-12.280701754385959,Proportional,FALSE,top_010_by_abundance,ranked_top_N,10
Paragobiodon modestus,6,16.333333333333332,19,19,-14.035087719298252,Proportional,FALSE,top_010_by_abundance,ranked_top_N,10
Apataxia cerithiiformis,3,7.666666666666666,3,3,155.55555555555554,Proportional,FALSE,top_010_by_abundance,ranked_top_N,10
Apataxia cerithiiformis,6,27,6,6,350,Proportional,FALSE,top_010_by_abundance,ranked_top_N,10
Galathea mauritiana,3,5.833333333333334,4,8.5,-31.37254901960784,Proportional,FALSE,top_010_by_abundance,ranked_top_N,10
Galathea mauritiana,6,14.666666666666666,9,17,-13.725490196078436,Proportional,FALSE,top_010_by_abundance,ranked_top_N,10
Fennera chacei,3,51.83333333333333,100,102.16666666666667,-49.265905383360526,Proportional,FALSE,top_015_by_abundance,ranked_top_N,15
Fennera chacei,6,97.33333333333333,204,204.33333333333334,-52.365415986949436,Proportional,FALSE,top_015_by_abundance,ranked_top_N,15
Galeropsis monodonta,3,64,47,49,30.612244897959183,Proportional,FALSE,top_015_by_abundance,ranked_top_N,15
Galeropsis monodonta,6,116.66666666666667,97,98,19.047619047619055,Proportional,FALSE,top_015_by_abundance,ranked_top_N,15
Periclimenes watamuae,3,22.333333333333332,19,26.666666666666668,-16.25000000000001,Proportional,FALSE,top_015_by_abundance,ranked_top_N,15
Periclimenes watamuae,6,11,46,53.333333333333336,-79.37500000000001,Proportional,FALSE,top_015_by_abundance,ranked_top_N,15
Trapezia serenei,3,18.5,14,14,32.142857142857146,Proportional,FALSE,top_015_by_abundance,ranked_top_N,15
Trapezia serenei,6,39.666666666666664,28,28,41.666666666666664,Proportional,FALSE,top_015_by_abundance,ranked_top_N,15
Harpiliopsis spinigera,3,16,15,16.5,-3.0303030303030303,Proportional,FALSE,top_015_by_abundance,ranked_top_N,15
Harpiliopsis spinigera,6,23.666666666666668,32,33,-28.28282828282828,Proportional,FALSE,top_015_by_abundance,ranked_top_N,15
Calcinus latens,3,16,9,9.833333333333332,62.711864406779675,Proportional,FALSE,top_015_by_abundance,ranked_top_N,15
Calcinus latens,6,23,19,19.666666666666664,16.949152542372897,Proportional,FALSE,top_015_by_abundance,ranked_top_N,15
Dascyllus aruanus,3,13,14,14.833333333333334,-12.359550561797757,Proportional,FALSE,top_015_by_abundance,ranked_top_N,15
Dascyllus aruanus,6,10,30,29.666666666666668,-66.29213483146067,Below Expected,TRUE,top_015_by_abundance,ranked_top_N,15
Paragobiodon modestus,3,8.333333333333334,9,9.5,-12.280701754385959,Proportional,FALSE,top_015_by_abundance,ranked_top_N,15
Paragobiodon modestus,6,16.333333333333332,19,19,-14.035087719298252,Proportional,FALSE,top_015_by_abundance,ranked_top_N,15
Apataxia cerithiiformis,3,7.666666666666666,3,3,155.55555555555554,Proportional,FALSE,top_015_by_abundance,ranked_top_N,15
Apataxia cerithiiformis,6,27,6,6,350,Proportional,FALSE,top_015_by_abundance,ranked_top_N,15
Galathea mauritiana,3,5.833333333333334,4,8.5,-31.37254901960784,Proportional,FALSE,top_015_by_abundance,ranked_top_N,15
Galathea mauritiana,6,14.666666666666666,9,17,-13.725490196078436,Proportional,FALSE,top_015_by_abundance,ranked_top_N,15
Athanas djiboutensis,3,6.666666666666667,3,5.166666666666667,29.032258064516128,Proportional,FALSE,top_015_by_abundance,ranked_top_N,15
Athanas djiboutensis,6,14.666666666666666,10,10.333333333333334,41.93548387096773,Proportional,FALSE,top_015_by_abundance,ranked_top_N,15
Dascyllus flavicaudus,3,5.666666666666667,7,7.333333333333334,-22.727272727272727,Proportional,FALSE,top_015_by_abundance,ranked_top_N,15
Dascyllus flavicaudus,6,11.666666666666666,14,14.666666666666668,-20.454545454545464,Proportional,FALSE,top_015_by_abundance,ranked_top_N,15
Alpheus lottini,3,6.833333333333333,5,5.166666666666667,32.25806451612902,Proportional,FALSE,top_015_by_abundance,ranked_top_N,15
Alpheus lottini,6,13,10,10.333333333333334,25.80645161290322,Proportional,FALSE,top_015_by_abundance,ranked_top_N,15
Synalpheus charon,3,5.5,5,4.833333333333334,13.793103448275847,Proportional,FALSE,top_015_by_abundance,ranked_top_N,15
Synalpheus charon,6,10,10,9.666666666666668,3.448275862068953,Proportional,FALSE,top_015_by_abundance,ranked_top_N,15
Diala albugo,3,4.833333333333333,2,2.5,93.33333333333333,Proportional,FALSE,top_015_by_abundance,ranked_top_N,15
Diala albugo,6,16,5,5,220,Proportional,FALSE,top_015_by_abundance,ranked_top_N,15
Fennera chacei,3,51.83333333333333,100,102.16666666666667,-49.265905383360526,Proportional,FALSE,top_020_by_abundance,ranked_top_N,20
Fennera chacei,6,97.33333333333333,204,204.33333333333334,-52.365415986949436,Proportional,FALSE,top_020_by_abundance,ranked_top_N,20
Galeropsis monodonta,3,64,47,49,30.612244897959183,Proportional,FALSE,top_020_by_abundance,ranked_top_N,20
Galeropsis monodonta,6,116.66666666666667,97,98,19.047619047619055,Proportional,FALSE,top_020_by_abundance,ranked_top_N,20
Periclimenes watamuae,3,22.333333333333332,19,26.666666666666668,-16.25000000000001,Proportional,FALSE,top_020_by_abundance,ranked_top_N,20
Periclimenes watamuae,6,11,46,53.333333333333336,-79.37500000000001,Proportional,FALSE,top_020_by_abundance,ranked_top_N,20
Trapezia serenei,3,18.5,14,14,32.142857142857146,Proportional,FALSE,top_020_by_abundance,ranked_top_N,20
Trapezia serenei,6,39.666666666666664,28,28,41.666666666666664,Proportional,FALSE,top_020_by_abundance,ranked_top_N,20
Harpiliopsis spinigera,3,16,15,16.5,-3.0303030303030303,Proportional,FALSE,top_020_by_abundance,ranked_top_N,20
Harpiliopsis spinigera,6,23.666666666666668,32,33,-28.28282828282828,Proportional,FALSE,top_020_by_abundance,ranked_top_N,20
Calcinus latens,3,16,9,9.833333333333332,62.711864406779675,Proportional,FALSE,top_020_by_abundance,ranked_top_N,20
Calcinus latens,6,23,19,19.666666666666664,16.949152542372897,Proportional,FALSE,top_020_by_abundance,ranked_top_N,20
Dascyllus aruanus,3,13,14,14.833333333333334,-12.359550561797757,Proportional,FALSE,top_020_by_abundance,ranked_top_N,20
Dascyllus aruanus,6,10,30,29.666666666666668,-66.29213483146067,Below Expected,TRUE,top_020_by_abundance,ranked_top_N,20
Paragobiodon modestus,3,8.333333333333334,9,9.5,-12.280701754385959,Proportional,FALSE,top_020_by_abundance,ranked_top_N,20
Paragobiodon modestus,6,16.333333333333332,19,19,-14.035087719298252,Proportional,FALSE,top_020_by_abundance,ranked_top_N,20
Apataxia cerithiiformis,3,7.666666666666666,3,3,155.55555555555554,Proportional,FALSE,top_020_by_abundance,ranked_top_N,20
Apataxia cerithiiformis,6,27,6,6,350,Proportional,FALSE,top_020_by_abundance,ranked_top_N,20
Galathea mauritiana,3,5.833333333333334,4,8.5,-31.37254901960784,Proportional,FALSE,top_020_by_abundance,ranked_top_N,20
Galathea mauritiana,6,14.666666666666666,9,17,-13.725490196078436,Proportional,FALSE,top_020_by_abundance,ranked_top_N,20
Athanas djiboutensis,3,6.666666666666667,3,5.166666666666667,29.032258064516128,Proportional,FALSE,top_020_by_abundance,ranked_top_N,20
Athanas djiboutensis,6,14.666666666666666,10,10.333333333333334,41.93548387096773,Proportional,FALSE,top_020_by_abundance,ranked_top_N,20
Dascyllus flavicaudus,3,5.666666666666667,7,7.333333333333334,-22.727272727272727,Proportional,FALSE,top_020_by_abundance,ranked_top_N,20
Dascyllus flavicaudus,6,11.666666666666666,14,14.666666666666668,-20.454545454545464,Proportional,FALSE,top_020_by_abundance,ranked_top_N,20
Alpheus lottini,3,6.833333333333333,5,5.166666666666667,32.25806451612902,Proportional,FALSE,top_020_by_abundance,ranked_top_N,20
Alpheus lottini,6,13,10,10.333333333333334,25.80645161290322,Proportional,FALSE,top_020_by_abundance,ranked_top_N,20
Synalpheus charon,3,5.5,5,4.833333333333334,13.793103448275847,Proportional,FALSE,top_020_by_abundance,ranked_top_N,20
Synalpheus charon,6,10,10,9.666666666666668,3.448275862068953,Proportional,FALSE,top_020_by_abundance,ranked_top_N,20
Diala albugo,3,4.833333333333333,2,2.5,93.33333333333333,Proportional,FALSE,top_020_by_abundance,ranked_top_N,20
Diala albugo,6,16,5,5,220,Proportional,FALSE,top_020_by_abundance,ranked_top_N,20
Cerithium zebrum,3,5.833333333333333,3,3.666666666666667,59.090909090909065,Proportional,FALSE,top_020_by_abundance,ranked_top_N,20
Cerithium zebrum,6,11.333333333333334,7,7.333333333333334,54.54545454545454,Proportional,FALSE,top_020_by_abundance,ranked_top_N,20
Chlorodiella barbata,3,5.666666666666666,2,2.5,126.66666666666666,Proportional,FALSE,top_020_by_abundance,ranked_top_N,20
Chlorodiella barbata,6,9,4,5,80,Proportional,FALSE,top_020_by_abundance,ranked_top_N,20
Hargeria rapax,3,3.166666666666667,4,3.4999999999999996,-9.523809523809504,Proportional,FALSE,top_020_by_abundance,ranked_top_N,20
Hargeria rapax,6,9,7,6.999999999999999,28.571428571428587,Proportional,FALSE,top_020_by_abundance,ranked_top_N,20
Diala semistriata,3,2.333333333333333,2,2.5,-6.6666666666666785,Proportional,FALSE,top_020_by_abundance,ranked_top_N,20
Diala semistriata,6,9.333333333333334,5,5,86.66666666666667,Proportional,FALSE,top_020_by_abundance,ranked_top_N,20
Luniella pugil,3,2,2,2.833333333333333,-29.411764705882344,Proportional,FALSE,top_020_by_abundance,ranked_top_N,20
Luniella pugil,6,7,5,5.666666666666666,23.5294117647059,Proportional,FALSE,top_020_by_abundance,ranked_top_N,20
Fennera chacei,3,51.83333333333333,100,102.16666666666667,-49.265905383360526,Proportional,FALSE,top_025_by_abundance,ranked_top_N,25
Fennera chacei,6,97.33333333333333,204,204.33333333333334,-52.365415986949436,Proportional,FALSE,top_025_by_abundance,ranked_top_N,25
Galeropsis monodonta,3,64,47,49,30.612244897959183,Proportional,FALSE,top_025_by_abundance,ranked_top_N,25
Galeropsis monodonta,6,116.66666666666667,97,98,19.047619047619055,Proportional,FALSE,top_025_by_abundance,ranked_top_N,25
Periclimenes watamuae,3,22.333333333333332,19,26.666666666666668,-16.25000000000001,Proportional,FALSE,top_025_by_abundance,ranked_top_N,25
Periclimenes watamuae,6,11,46,53.333333333333336,-79.37500000000001,Proportional,FALSE,top_025_by_abundance,ranked_top_N,25
Trapezia serenei,3,18.5,14,14,32.142857142857146,Proportional,FALSE,top_025_by_abundance,ranked_top_N,25
Trapezia serenei,6,39.666666666666664,28,28,41.666666666666664,Proportional,FALSE,top_025_by_abundance,ranked_top_N,25
Harpiliopsis spinigera,3,16,15,16.5,-3.0303030303030303,Proportional,FALSE,top_025_by_abundance,ranked_top_N,25
Harpiliopsis spinigera,6,23.666666666666668,32,33,-28.28282828282828,Proportional,FALSE,top_025_by_abundance,ranked_top_N,25
Calcinus latens,3,16,9,9.833333333333332,62.711864406779675,Proportional,FALSE,top_025_by_abundance,ranked_top_N,25
Calcinus latens,6,23,19,19.666666666666664,16.949152542372897,Proportional,FALSE,top_025_by_abundance,ranked_top_N,25
Dascyllus aruanus,3,13,14,14.833333333333334,-12.359550561797757,Proportional,FALSE,top_025_by_abundance,ranked_top_N,25
Dascyllus aruanus,6,10,30,29.666666666666668,-66.29213483146067,Below Expected,TRUE,top_025_by_abundance,ranked_top_N,25
Paragobiodon modestus,3,8.333333333333334,9,9.5,-12.280701754385959,Proportional,FALSE,top_025_by_abundance,ranked_top_N,25
Paragobiodon modestus,6,16.333333333333332,19,19,-14.035087719298252,Proportional,FALSE,top_025_by_abundance,ranked_top_N,25
Apataxia cerithiiformis,3,7.666666666666666,3,3,155.55555555555554,Proportional,FALSE,top_025_by_abundance,ranked_top_N,25
Apataxia cerithiiformis,6,27,6,6,350,Proportional,FALSE,top_025_by_abundance,ranked_top_N,25
Galathea mauritiana,3,5.833333333333334,4,8.5,-31.37254901960784,Proportional,FALSE,top_025_by_abundance,ranked_top_N,25
Galathea mauritiana,6,14.666666666666666,9,17,-13.725490196078436,Proportional,FALSE,top_025_by_abundance,ranked_top_N,25
Athanas djiboutensis,3,6.666666666666667,3,5.166666666666667,29.032258064516128,Proportional,FALSE,top_025_by_abundance,ranked_top_N,25
Athanas djiboutensis,6,14.666666666666666,10,10.333333333333334,41.93548387096773,Proportional,FALSE,top_025_by_abundance,ranked_top_N,25
Dascyllus flavicaudus,3,5.666666666666667,7,7.333333333333334,-22.727272727272727,Proportional,FALSE,top_025_by_abundance,ranked_top_N,25
Dascyllus flavicaudus,6,11.666666666666666,14,14.666666666666668,-20.454545454545464,Proportional,FALSE,top_025_by_abundance,ranked_top_N,25
Alpheus lottini,3,6.833333333333333,5,5.166666666666667,32.25806451612902,Proportional,FALSE,top_025_by_abundance,ranked_top_N,25
Alpheus lottini,6,13,10,10.333333333333334,25.80645161290322,Proportional,FALSE,top_025_by_abundance,ranked_top_N,25
Synalpheus charon,3,5.5,5,4.833333333333334,13.793103448275847,Proportional,FALSE,top_025_by_abundance,ranked_top_N,25
Synalpheus charon,6,10,10,9.666666666666668,3.448275862068953,Proportional,FALSE,top_025_by_abundance,ranked_top_N,25
Diala albugo,3,4.833333333333333,2,2.5,93.33333333333333,Proportional,FALSE,top_025_by_abundance,ranked_top_N,25
Diala albugo,6,16,5,5,220,Proportional,FALSE,top_025_by_abundance,ranked_top_N,25
Cerithium zebrum,3,5.833333333333333,3,3.666666666666667,59.090909090909065,Proportional,FALSE,top_025_by_abundance,ranked_top_N,25
Cerithium zebrum,6,11.333333333333334,7,7.333333333333334,54.54545454545454,Proportional,FALSE,top_025_by_abundance,ranked_top_N,25
Chlorodiella barbata,3,5.666666666666666,2,2.5,126.66666666666666,Proportional,FALSE,top_025_by_abundance,ranked_top_N,25
Chlorodiella barbata,6,9,4,5,80,Proportional,FALSE,top_025_by_abundance,ranked_top_N,25
Hargeria rapax,3,3.166666666666667,4,3.4999999999999996,-9.523809523809504,Proportional,FALSE,top_025_by_abundance,ranked_top_N,25
Hargeria rapax,6,9,7,6.999999999999999,28.571428571428587,Proportional,FALSE,top_025_by_abundance,ranked_top_N,25
Diala semistriata,3,2.333333333333333,2,2.5,-6.6666666666666785,Proportional,FALSE,top_025_by_abundance,ranked_top_N,25
Diala semistriata,6,9.333333333333334,5,5,86.66666666666667,Proportional,FALSE,top_025_by_abundance,ranked_top_N,25
Luniella pugil,3,2,2,2.833333333333333,-29.411764705882344,Proportional,FALSE,top_025_by_abundance,ranked_top_N,25
Luniella pugil,6,7,5,5.666666666666666,23.5294117647059,Proportional,FALSE,top_025_by_abundance,ranked_top_N,25
Mitrella moleculina,3,0.8333333333333333,0,0.33333333333333326,150.00000000000003,Proportional,FALSE,top_025_by_abundance,ranked_top_N,25
Mitrella moleculina,6,10.666666666666666,1,0.6666666666666665,1500.0000000000002,Above Expected,TRUE,top_025_by_abundance,ranked_top_N,25
Strigatella assimilis,3,1.1666666666666667,1,1.5,-22.222222222222218,Proportional,FALSE,top_025_by_abundance,ranked_top_N,25
Strigatella assimilis,6,6.666666666666667,3,3,122.22222222222223,Proportional,FALSE,top_025_by_abundance,ranked_top_N,25
Menaethius monoceros,3,1.8333333333333333,1,1.666666666666667,9.999999999999975,Proportional,FALSE,top_025_by_abundance,ranked_top_N,25
Menaethius monoceros,6,4.666666666666667,3,3.333333333333334,39.999999999999986,Proportional,FALSE,top_025_by_abundance,ranked_top_N,25
Harpiliopsis beaupresii,3,3,1,1.5,100,Proportional,FALSE,top_025_by_abundance,ranked_top_N,25
Harpiliopsis beaupresii,6,0.33333333333333337,2,3,-88.88888888888887,Proportional,FALSE,top_025_by_abundance,ranked_top_N,25
Caracanthus maculatus,3,1.5,2,2.5,-40,Proportional,FALSE,top_025_by_abundance,ranked_top_N,25
Caracanthus maculatus,6,1,5,5,-80,Proportional,FALSE,top_025_by_abundance,ranked_top_N,25
Fennera chacei,3,51.83333333333333,100,102.16666666666667,-49.265905383360526,Proportional,FALSE,top_030_by_abundance,ranked_top_N,30
Fennera chacei,6,97.33333333333333,204,204.33333333333334,-52.365415986949436,Proportional,FALSE,top_030_by_abundance,ranked_top_N,30
Galeropsis monodonta,3,64,47,49,30.612244897959183,Proportional,FALSE,top_030_by_abundance,ranked_top_N,30
Galeropsis monodonta,6,116.66666666666667,97,98,19.047619047619055,Proportional,FALSE,top_030_by_abundance,ranked_top_N,30
Periclimenes watamuae,3,22.333333333333332,19,26.666666666666668,-16.25000000000001,Proportional,FALSE,top_030_by_abundance,ranked_top_N,30
Periclimenes watamuae,6,11,46,53.333333333333336,-79.37500000000001,Proportional,FALSE,top_030_by_abundance,ranked_top_N,30
Trapezia serenei,3,18.5,14,14,32.142857142857146,Proportional,FALSE,top_030_by_abundance,ranked_top_N,30
Trapezia serenei,6,39.666666666666664,28,28,41.666666666666664,Proportional,FALSE,top_030_by_abundance,ranked_top_N,30
Harpiliopsis spinigera,3,16,15,16.5,-3.0303030303030303,Proportional,FALSE,top_030_by_abundance,ranked_top_N,30
Harpiliopsis spinigera,6,23.666666666666668,32,33,-28.28282828282828,Proportional,FALSE,top_030_by_abundance,ranked_top_N,30
Calcinus latens,3,16,9,9.833333333333332,62.711864406779675,Proportional,FALSE,top_030_by_abundance,ranked_top_N,30
Calcinus latens,6,23,19,19.666666666666664,16.949152542372897,Proportional,FALSE,top_030_by_abundance,ranked_top_N,30
Dascyllus aruanus,3,13,14,14.833333333333334,-12.359550561797757,Proportional,FALSE,top_030_by_abundance,ranked_top_N,30
Dascyllus aruanus,6,10,30,29.666666666666668,-66.29213483146067,Below Expected,TRUE,top_030_by_abundance,ranked_top_N,30
Paragobiodon modestus,3,8.333333333333334,9,9.5,-12.280701754385959,Proportional,FALSE,top_030_by_abundance,ranked_top_N,30
Paragobiodon modestus,6,16.333333333333332,19,19,-14.035087719298252,Proportional,FALSE,top_030_by_abundance,ranked_top_N,30
Apataxia cerithiiformis,3,7.666666666666666,3,3,155.55555555555554,Proportional,FALSE,top_030_by_abundance,ranked_top_N,30
Apataxia cerithiiformis,6,27,6,6,350,Proportional,FALSE,top_030_by_abundance,ranked_top_N,30
Galathea mauritiana,3,5.833333333333334,4,8.5,-31.37254901960784,Proportional,FALSE,top_030_by_abundance,ranked_top_N,30
Galathea mauritiana,6,14.666666666666666,9,17,-13.725490196078436,Proportional,FALSE,top_030_by_abundance,ranked_top_N,30
Athanas djiboutensis,3,6.666666666666667,3,5.166666666666667,29.032258064516128,Proportional,FALSE,top_030_by_abundance,ranked_top_N,30
Athanas djiboutensis,6,14.666666666666666,10,10.333333333333334,41.93548387096773,Proportional,FALSE,top_030_by_abundance,ranked_top_N,30
Dascyllus flavicaudus,3,5.666666666666667,7,7.333333333333334,-22.727272727272727,Proportional,FALSE,top_030_by_abundance,ranked_top_N,30
Dascyllus flavicaudus,6,11.666666666666666,14,14.666666666666668,-20.454545454545464,Proportional,FALSE,top_030_by_abundance,ranked_top_N,30
Alpheus lottini,3,6.833333333333333,5,5.166666666666667,32.25806451612902,Proportional,FALSE,top_030_by_abundance,ranked_top_N,30
Alpheus lottini,6,13,10,10.333333333333334,25.80645161290322,Proportional,FALSE,top_030_by_abundance,ranked_top_N,30
Synalpheus charon,3,5.5,5,4.833333333333334,13.793103448275847,Proportional,FALSE,top_030_by_abundance,ranked_top_N,30
Synalpheus charon,6,10,10,9.666666666666668,3.448275862068953,Proportional,FALSE,top_030_by_abundance,ranked_top_N,30
Diala albugo,3,4.833333333333333,2,2.5,93.33333333333333,Proportional,FALSE,top_030_by_abundance,ranked_top_N,30
Diala albugo,6,16,5,5,220,Proportional,FALSE,top_030_by_abundance,ranked_top_N,30
Cerithium zebrum,3,5.833333333333333,3,3.666666666666667,59.090909090909065,Proportional,FALSE,top_030_by_abundance,ranked_top_N,30
Cerithium zebrum,6,11.333333333333334,7,7.333333333333334,54.54545454545454,Proportional,FALSE,top_030_by_abundance,ranked_top_N,30
Chlorodiella barbata,3,5.666666666666666,2,2.5,126.66666666666666,Proportional,FALSE,top_030_by_abundance,ranked_top_N,30
Chlorodiella barbata,6,9,4,5,80,Proportional,FALSE,top_030_by_abundance,ranked_top_N,30
Hargeria rapax,3,3.166666666666667,4,3.4999999999999996,-9.523809523809504,Proportional,FALSE,top_030_by_abundance,ranked_top_N,30
Hargeria rapax,6,9,7,6.999999999999999,28.571428571428587,Proportional,FALSE,top_030_by_abundance,ranked_top_N,30
Diala semistriata,3,2.333333333333333,2,2.5,-6.6666666666666785,Proportional,FALSE,top_030_by_abundance,ranked_top_N,30
Diala semistriata,6,9.333333333333334,5,5,86.66666666666667,Proportional,FALSE,top_030_by_abundance,ranked_top_N,30
Luniella pugil,3,2,2,2.833333333333333,-29.411764705882344,Proportional,FALSE,top_030_by_abundance,ranked_top_N,30
Luniella pugil,6,7,5,5.666666666666666,23.5294117647059,Proportional,FALSE,top_030_by_abundance,ranked_top_N,30
Mitrella moleculina,3,0.8333333333333333,0,0.33333333333333326,150.00000000000003,Proportional,FALSE,top_030_by_abundance,ranked_top_N,30
Mitrella moleculina,6,10.666666666666666,1,0.6666666666666665,1500.0000000000002,Above Expected,TRUE,top_030_by_abundance,ranked_top_N,30
Strigatella assimilis,3,1.1666666666666667,1,1.5,-22.222222222222218,Proportional,FALSE,top_030_by_abundance,ranked_top_N,30
Strigatella assimilis,6,6.666666666666667,3,3,122.22222222222223,Proportional,FALSE,top_030_by_abundance,ranked_top_N,30
Menaethius monoceros,3,1.8333333333333333,1,1.666666666666667,9.999999999999975,Proportional,FALSE,top_030_by_abundance,ranked_top_N,30
Menaethius monoceros,6,4.666666666666667,3,3.333333333333334,39.999999999999986,Proportional,FALSE,top_030_by_abundance,ranked_top_N,30
Harpiliopsis beaupresii,3,3,1,1.5,100,Proportional,FALSE,top_030_by_abundance,ranked_top_N,30
Harpiliopsis beaupresii,6,0.33333333333333337,2,3,-88.88888888888887,Proportional,FALSE,top_030_by_abundance,ranked_top_N,30
Caracanthus maculatus,3,1.5,2,2.5,-40,Proportional,FALSE,top_030_by_abundance,ranked_top_N,30
Caracanthus maculatus,6,1,5,5,-80,Proportional,FALSE,top_030_by_abundance,ranked_top_N,30
Morula zebrina,3,0.6666666666666667,0,0.6666666666666666,1.6653345369377348e-14,Proportional,FALSE,top_030_by_abundance,ranked_top_N,30
Morula zebrina,6,6,1,1.3333333333333333,350.00000000000006,Proportional,FALSE,top_030_by_abundance,ranked_top_N,30
Carinomitra typha,3,1.1666666666666667,0,0.9999999999999998,16.6666666666667,Proportional,FALSE,top_030_by_abundance,ranked_top_N,30
Carinomitra typha,6,4,2,1.9999999999999996,100.00000000000006,Proportional,FALSE,top_030_by_abundance,ranked_top_N,30
Pascula muricata,3,0.5,0,0.16666666666666663,200.00000000000006,Proportional,FALSE,top_030_by_abundance,ranked_top_N,30
Pascula muricata,6,7,0,0.33333333333333326,2000.0000000000007,Proportional,FALSE,top_030_by_abundance,ranked_top_N,30
Coralliogalathea humilis,3,2.333333333333333,0,0.8333333333333334,179.99999999999991,Proportional,FALSE,top_030_by_abundance,ranked_top_N,30
Coralliogalathea humilis,6,1,1,1.6666666666666667,-40,Proportional,FALSE,top_030_by_abundance,ranked_top_N,30
Stomatolina rubra,3,1.6666666666666665,0,0.33333333333333326,400.00000000000006,Proportional,FALSE,top_030_by_abundance,ranked_top_N,30
Stomatolina rubra,6,2.6666666666666665,0,0.6666666666666665,300.00000000000006,Proportional,FALSE,top_030_by_abundance,ranked_top_N,30
Fennera chacei,3,51.83333333333333,100,102.16666666666667,-49.265905383360526,Proportional,FALSE,top_038_by_abundance,ranked_top_N,38
Fennera chacei,6,97.33333333333333,204,204.33333333333334,-52.365415986949436,Proportional,FALSE,top_038_by_abundance,ranked_top_N,38
Galeropsis monodonta,3,64,47,49,30.612244897959183,Proportional,FALSE,top_038_by_abundance,ranked_top_N,38
Galeropsis monodonta,6,116.66666666666667,97,98,19.047619047619055,Proportional,FALSE,top_038_by_abundance,ranked_top_N,38
Periclimenes watamuae,3,22.333333333333332,19,26.666666666666668,-16.25000000000001,Proportional,FALSE,top_038_by_abundance,ranked_top_N,38
Periclimenes watamuae,6,11,46,53.333333333333336,-79.37500000000001,Proportional,FALSE,top_038_by_abundance,ranked_top_N,38
Trapezia serenei,3,18.5,14,14,32.142857142857146,Proportional,FALSE,top_038_by_abundance,ranked_top_N,38
Trapezia serenei,6,39.666666666666664,28,28,41.666666666666664,Proportional,FALSE,top_038_by_abundance,ranked_top_N,38
Harpiliopsis spinigera,3,16,15,16.5,-3.0303030303030303,Proportional,FALSE,top_038_by_abundance,ranked_top_N,38
Harpiliopsis spinigera,6,23.666666666666668,32,33,-28.28282828282828,Proportional,FALSE,top_038_by_abundance,ranked_top_N,38
Calcinus latens,3,16,9,9.833333333333332,62.711864406779675,Proportional,FALSE,top_038_by_abundance,ranked_top_N,38
Calcinus latens,6,23,19,19.666666666666664,16.949152542372897,Proportional,FALSE,top_038_by_abundance,ranked_top_N,38
Dascyllus aruanus,3,13,14,14.833333333333334,-12.359550561797757,Proportional,FALSE,top_038_by_abundance,ranked_top_N,38
Dascyllus aruanus,6,10,30,29.666666666666668,-66.29213483146067,Below Expected,TRUE,top_038_by_abundance,ranked_top_N,38
Paragobiodon modestus,3,8.333333333333334,9,9.5,-12.280701754385959,Proportional,FALSE,top_038_by_abundance,ranked_top_N,38
Paragobiodon modestus,6,16.333333333333332,19,19,-14.035087719298252,Proportional,FALSE,top_038_by_abundance,ranked_top_N,38
Apataxia cerithiiformis,3,7.666666666666666,3,3,155.55555555555554,Proportional,FALSE,top_038_by_abundance,ranked_top_N,38
Apataxia cerithiiformis,6,27,6,6,350,Proportional,FALSE,top_038_by_abundance,ranked_top_N,38
Galathea mauritiana,3,5.833333333333334,4,8.5,-31.37254901960784,Proportional,FALSE,top_038_by_abundance,ranked_top_N,38
Galathea mauritiana,6,14.666666666666666,9,17,-13.725490196078436,Proportional,FALSE,top_038_by_abundance,ranked_top_N,38
Athanas djiboutensis,3,6.666666666666667,3,5.166666666666667,29.032258064516128,Proportional,FALSE,top_038_by_abundance,ranked_top_N,38
Athanas djiboutensis,6,14.666666666666666,10,10.333333333333334,41.93548387096773,Proportional,FALSE,top_038_by_abundance,ranked_top_N,38
Dascyllus flavicaudus,3,5.666666666666667,7,7.333333333333334,-22.727272727272727,Proportional,FALSE,top_038_by_abundance,ranked_top_N,38
Dascyllus flavicaudus,6,11.666666666666666,14,14.666666666666668,-20.454545454545464,Proportional,FALSE,top_038_by_abundance,ranked_top_N,38
Alpheus lottini,3,6.833333333333333,5,5.166666666666667,32.25806451612902,Proportional,FALSE,top_038_by_abundance,ranked_top_N,38
Alpheus lottini,6,13,10,10.333333333333334,25.80645161290322,Proportional,FALSE,top_038_by_abundance,ranked_top_N,38
Synalpheus charon,3,5.5,5,4.833333333333334,13.793103448275847,Proportional,FALSE,top_038_by_abundance,ranked_top_N,38
Synalpheus charon,6,10,10,9.666666666666668,3.448275862068953,Proportional,FALSE,top_038_by_abundance,ranked_top_N,38
Diala albugo,3,4.833333333333333,2,2.5,93.33333333333333,Proportional,FALSE,top_038_by_abundance,ranked_top_N,38
Diala albugo,6,16,5,5,220,Proportional,FALSE,top_038_by_abundance,ranked_top_N,38
Cerithium zebrum,3,5.833333333333333,3,3.666666666666667,59.090909090909065,Proportional,FALSE,top_038_by_abundance,ranked_top_N,38
Cerithium zebrum,6,11.333333333333334,7,7.333333333333334,54.54545454545454,Proportional,FALSE,top_038_by_abundance,ranked_top_N,38
Chlorodiella barbata,3,5.666666666666666,2,2.5,126.66666666666666,Proportional,FALSE,top_038_by_abundance,ranked_top_N,38
Chlorodiella barbata,6,9,4,5,80,Proportional,FALSE,top_038_by_abundance,ranked_top_N,38
Hargeria rapax,3,3.166666666666667,4,3.4999999999999996,-9.523809523809504,Proportional,FALSE,top_038_by_abundance,ranked_top_N,38
Hargeria rapax,6,9,7,6.999999999999999,28.571428571428587,Proportional,FALSE,top_038_by_abundance,ranked_top_N,38
Diala semistriata,3,2.333333333333333,2,2.5,-6.6666666666666785,Proportional,FALSE,top_038_by_abundance,ranked_top_N,38
Diala semistriata,6,9.333333333333334,5,5,86.66666666666667,Proportional,FALSE,top_038_by_abundance,ranked_top_N,38
Luniella pugil,3,2,2,2.833333333333333,-29.411764705882344,Proportional,FALSE,top_038_by_abundance,ranked_top_N,38
Luniella pugil,6,7,5,5.666666666666666,23.5294117647059,Proportional,FALSE,top_038_by_abundance,ranked_top_N,38
Mitrella moleculina,3,0.8333333333333333,0,0.33333333333333326,150.00000000000003,Proportional,FALSE,top_038_by_abundance,ranked_top_N,38
Mitrella moleculina,6,10.666666666666666,1,0.6666666666666665,1500.0000000000002,Above Expected,TRUE,top_038_by_abundance,ranked_top_N,38
Strigatella assimilis,3,1.1666666666666667,1,1.5,-22.222222222222218,Proportional,FALSE,top_038_by_abundance,ranked_top_N,38
Strigatella assimilis,6,6.666666666666667,3,3,122.22222222222223,Proportional,FALSE,top_038_by_abundance,ranked_top_N,38
Menaethius monoceros,3,1.8333333333333333,1,1.666666666666667,9.999999999999975,Proportional,FALSE,top_038_by_abundance,ranked_top_N,38
Menaethius monoceros,6,4.666666666666667,3,3.333333333333334,39.999999999999986,Proportional,FALSE,top_038_by_abundance,ranked_top_N,38
Harpiliopsis beaupresii,3,3,1,1.5,100,Proportional,FALSE,top_038_by_abundance,ranked_top_N,38
Harpiliopsis beaupresii,6,0.33333333333333337,2,3,-88.88888888888887,Proportional,FALSE,top_038_by_abundance,ranked_top_N,38
Caracanthus maculatus,3,1.5,2,2.5,-40,Proportional,FALSE,top_038_by_abundance,ranked_top_N,38
Caracanthus maculatus,6,1,5,5,-80,Proportional,FALSE,top_038_by_abundance,ranked_top_N,38
Morula zebrina,3,0.6666666666666667,0,0.6666666666666666,1.6653345369377348e-14,Proportional,FALSE,top_038_by_abundance,ranked_top_N,38
Morula zebrina,6,6,1,1.3333333333333333,350.00000000000006,Proportional,FALSE,top_038_by_abundance,ranked_top_N,38
Carinomitra typha,3,1.1666666666666667,0,0.9999999999999998,16.6666666666667,Proportional,FALSE,top_038_by_abundance,ranked_top_N,38
Carinomitra typha,6,4,2,1.9999999999999996,100.00000000000006,Proportional,FALSE,top_038_by_abundance,ranked_top_N,38
Pascula muricata,3,0.5,0,0.16666666666666663,200.00000000000006,Proportional,FALSE,top_038_by_abundance,ranked_top_N,38
Pascula muricata,6,7,0,0.33333333333333326,2000.0000000000007,Proportional,FALSE,top_038_by_abundance,ranked_top_N,38
Coralliogalathea humilis,3,2.333333333333333,0,0.8333333333333334,179.99999999999991,Proportional,FALSE,top_038_by_abundance,ranked_top_N,38
Coralliogalathea humilis,6,1,1,1.6666666666666667,-40,Proportional,FALSE,top_038_by_abundance,ranked_top_N,38
Stomatolina rubra,3,1.6666666666666665,0,0.33333333333333326,400.00000000000006,Proportional,FALSE,top_038_by_abundance,ranked_top_N,38
Stomatolina rubra,6,2.6666666666666665,0,0.6666666666666665,300.00000000000006,Proportional,FALSE,top_038_by_abundance,ranked_top_N,38
Zafra hahajimana,3,0,0,1.1666666666666665,-100,Proportional,FALSE,top_038_by_abundance,ranked_top_N,38
Zafra hahajimana,6,4.333333333333333,2,2.333333333333333,85.71428571428572,Proportional,FALSE,top_038_by_abundance,ranked_top_N,38
Xanthias lamarckii,3,1.1666666666666667,0,0.33333333333333326,250.00000000000009,Proportional,FALSE,top_038_by_abundance,ranked_top_N,38
Xanthias lamarckii,6,3.3333333333333335,1,0.6666666666666665,400.0000000000001,Above Expected,TRUE,top_038_by_abundance,ranked_top_N,38
Cellana taitensis,3,0.8333333333333333,1,1.1666666666666667,-28.571428571428584,Proportional,FALSE,top_038_by_abundance,ranked_top_N,38
Cellana taitensis,6,2,2,2.3333333333333335,-14.285714285714292,Proportional,FALSE,top_038_by_abundance,ranked_top_N,38
Halichoeres trimaculatus,3,1,1,1.3333333333333333,-24.999999999999996,Proportional,FALSE,top_038_by_abundance,ranked_top_N,38
Halichoeres trimaculatus,6,1.3333333333333335,2,2.6666666666666665,-49.99999999999999,Proportional,FALSE,top_038_by_abundance,ranked_top_N,38
Alpheus diadema,3,0.6666666666666667,1,0.8333333333333334,-19.999999999999996,Proportional,FALSE,top_038_by_abundance,ranked_top_N,38
Alpheus diadema,6,3,1,1.6666666666666667,79.99999999999999,Proportional,FALSE,top_038_by_abundance,ranked_top_N,38
Macteola interrupta,3,1,0,0.16666666666666663,500.00000000000017,Proportional,FALSE,top_038_by_abundance,ranked_top_N,38
Macteola interrupta,6,2.3333333333333335,0,0.33333333333333326,600.0000000000001,Proportional,FALSE,top_038_by_abundance,ranked_top_N,38
Trapezia tigrina,3,0.6666666666666667,0,0.6666666666666665,3.33066907387547e-14,Proportional,FALSE,top_038_by_abundance,ranked_top_N,38
Trapezia tigrina,6,2,1,1.333333333333333,50.000000000000036,Proportional,FALSE,top_038_by_abundance,ranked_top_N,38
Lucilina pacifica,3,0.6666666666666667,0,0.6666666666666665,3.33066907387547e-14,Proportional,FALSE,top_038_by_abundance,ranked_top_N,38
Lucilina pacifica,6,1.6666666666666665,1,1.333333333333333,25.000000000000018,Proportional,FALSE,top_038_by_abundance,ranked_top_N,38
Fennera chacei,3,51.83333333333333,100,102.16666666666667,-49.265905383360526,Proportional,FALSE,top_050_by_abundance,ranked_top_N,50
Fennera chacei,6,97.33333333333333,204,204.33333333333334,-52.365415986949436,Proportional,FALSE,top_050_by_abundance,ranked_top_N,50
Galeropsis monodonta,3,64,47,49,30.612244897959183,Proportional,FALSE,top_050_by_abundance,ranked_top_N,50
Galeropsis monodonta,6,116.66666666666667,97,98,19.047619047619055,Proportional,FALSE,top_050_by_abundance,ranked_top_N,50
Periclimenes watamuae,3,22.333333333333332,19,26.666666666666668,-16.25000000000001,Proportional,FALSE,top_050_by_abundance,ranked_top_N,50
Periclimenes watamuae,6,11,46,53.333333333333336,-79.37500000000001,Proportional,FALSE,top_050_by_abundance,ranked_top_N,50
Trapezia serenei,3,18.5,14,14,32.142857142857146,Proportional,FALSE,top_050_by_abundance,ranked_top_N,50
Trapezia serenei,6,39.666666666666664,28,28,41.666666666666664,Proportional,FALSE,top_050_by_abundance,ranked_top_N,50
Harpiliopsis spinigera,3,16,15,16.5,-3.0303030303030303,Proportional,FALSE,top_050_by_abundance,ranked_top_N,50
Harpiliopsis spinigera,6,23.666666666666668,32,33,-28.28282828282828,Proportional,FALSE,top_050_by_abundance,ranked_top_N,50
Calcinus latens,3,16,9,9.833333333333332,62.711864406779675,Proportional,FALSE,top_050_by_abundance,ranked_top_N,50
Calcinus latens,6,23,19,19.666666666666664,16.949152542372897,Proportional,FALSE,top_050_by_abundance,ranked_top_N,50
Dascyllus aruanus,3,13,14,14.833333333333334,-12.359550561797757,Proportional,FALSE,top_050_by_abundance,ranked_top_N,50
Dascyllus aruanus,6,10,30,29.666666666666668,-66.29213483146067,Below Expected,TRUE,top_050_by_abundance,ranked_top_N,50
Paragobiodon modestus,3,8.333333333333334,9,9.5,-12.280701754385959,Proportional,FALSE,top_050_by_abundance,ranked_top_N,50
Paragobiodon modestus,6,16.333333333333332,19,19,-14.035087719298252,Proportional,FALSE,top_050_by_abundance,ranked_top_N,50
Apataxia cerithiiformis,3,7.666666666666666,3,3,155.55555555555554,Proportional,FALSE,top_050_by_abundance,ranked_top_N,50
Apataxia cerithiiformis,6,27,6,6,350,Proportional,FALSE,top_050_by_abundance,ranked_top_N,50
Galathea mauritiana,3,5.833333333333334,4,8.5,-31.37254901960784,Proportional,FALSE,top_050_by_abundance,ranked_top_N,50
Galathea mauritiana,6,14.666666666666666,9,17,-13.725490196078436,Proportional,FALSE,top_050_by_abundance,ranked_top_N,50
Athanas djiboutensis,3,6.666666666666667,3,5.166666666666667,29.032258064516128,Proportional,FALSE,top_050_by_abundance,ranked_top_N,50
Athanas djiboutensis,6,14.666666666666666,10,10.333333333333334,41.93548387096773,Proportional,FALSE,top_050_by_abundance,ranked_top_N,50
Dascyllus flavicaudus,3,5.666666666666667,7,7.333333333333334,-22.727272727272727,Proportional,FALSE,top_050_by_abundance,ranked_top_N,50
Dascyllus flavicaudus,6,11.666666666666666,14,14.666666666666668,-20.454545454545464,Proportional,FALSE,top_050_by_abundance,ranked_top_N,50
Alpheus lottini,3,6.833333333333333,5,5.166666666666667,32.25806451612902,Proportional,FALSE,top_050_by_abundance,ranked_top_N,50
Alpheus lottini,6,13,10,10.333333333333334,25.80645161290322,Proportional,FALSE,top_050_by_abundance,ranked_top_N,50
Synalpheus charon,3,5.5,5,4.833333333333334,13.793103448275847,Proportional,FALSE,top_050_by_abundance,ranked_top_N,50
Synalpheus charon,6,10,10,9.666666666666668,3.448275862068953,Proportional,FALSE,top_050_by_abundance,ranked_top_N,50
Diala albugo,3,4.833333333333333,2,2.5,93.33333333333333,Proportional,FALSE,top_050_by_abundance,ranked_top_N,50
Diala albugo,6,16,5,5,220,Proportional,FALSE,top_050_by_abundance,ranked_top_N,50
Cerithium zebrum,3,5.833333333333333,3,3.666666666666667,59.090909090909065,Proportional,FALSE,top_050_by_abundance,ranked_top_N,50
Cerithium zebrum,6,11.333333333333334,7,7.333333333333334,54.54545454545454,Proportional,FALSE,top_050_by_abundance,ranked_top_N,50
Chlorodiella barbata,3,5.666666666666666,2,2.5,126.66666666666666,Proportional,FALSE,top_050_by_abundance,ranked_top_N,50
Chlorodiella barbata,6,9,4,5,80,Proportional,FALSE,top_050_by_abundance,ranked_top_N,50
Hargeria rapax,3,3.166666666666667,4,3.4999999999999996,-9.523809523809504,Proportional,FALSE,top_050_by_abundance,ranked_top_N,50
Hargeria rapax,6,9,7,6.999999999999999,28.571428571428587,Proportional,FALSE,top_050_by_abundance,ranked_top_N,50
Diala semistriata,3,2.333333333333333,2,2.5,-6.6666666666666785,Proportional,FALSE,top_050_by_abundance,ranked_top_N,50
Diala semistriata,6,9.333333333333334,5,5,86.66666666666667,Proportional,FALSE,top_050_by_abundance,ranked_top_N,50
Luniella pugil,3,2,2,2.833333333333333,-29.411764705882344,Proportional,FALSE,top_050_by_abundance,ranked_top_N,50
Luniella pugil,6,7,5,5.666666666666666,23.5294117647059,Proportional,FALSE,top_050_by_abundance,ranked_top_N,50
Mitrella moleculina,3,0.8333333333333333,0,0.33333333333333326,150.00000000000003,Proportional,FALSE,top_050_by_abundance,ranked_top_N,50
Mitrella moleculina,6,10.666666666666666,1,0.6666666666666665,1500.0000000000002,Above Expected,TRUE,top_050_by_abundance,ranked_top_N,50
Strigatella assimilis,3,1.1666666666666667,1,1.5,-22.222222222222218,Proportional,FALSE,top_050_by_abundance,ranked_top_N,50
Strigatella assimilis,6,6.666666666666667,3,3,122.22222222222223,Proportional,FALSE,top_050_by_abundance,ranked_top_N,50
Menaethius monoceros,3,1.8333333333333333,1,1.666666666666667,9.999999999999975,Proportional,FALSE,top_050_by_abundance,ranked_top_N,50
Menaethius monoceros,6,4.666666666666667,3,3.333333333333334,39.999999999999986,Proportional,FALSE,top_050_by_abundance,ranked_top_N,50
Harpiliopsis beaupresii,3,3,1,1.5,100,Proportional,FALSE,top_050_by_abundance,ranked_top_N,50
Harpiliopsis beaupresii,6,0.33333333333333337,2,3,-88.88888888888887,Proportional,FALSE,top_050_by_abundance,ranked_top_N,50
Caracanthus maculatus,3,1.5,2,2.5,-40,Proportional,FALSE,top_050_by_abundance,ranked_top_N,50
Caracanthus maculatus,6,1,5,5,-80,Proportional,FALSE,top_050_by_abundance,ranked_top_N,50
Morula zebrina,3,0.6666666666666667,0,0.6666666666666666,1.6653345369377348e-14,Proportional,FALSE,top_050_by_abundance,ranked_top_N,50
Morula zebrina,6,6,1,1.3333333333333333,350.00000000000006,Proportional,FALSE,top_050_by_abundance,ranked_top_N,50
Carinomitra typha,3,1.1666666666666667,0,0.9999999999999998,16.6666666666667,Proportional,FALSE,top_050_by_abundance,ranked_top_N,50
Carinomitra typha,6,4,2,1.9999999999999996,100.00000000000006,Proportional,FALSE,top_050_by_abundance,ranked_top_N,50
Pascula muricata,3,0.5,0,0.16666666666666663,200.00000000000006,Proportional,FALSE,top_050_by_abundance,ranked_top_N,50
Pascula muricata,6,7,0,0.33333333333333326,2000.0000000000007,Proportional,FALSE,top_050_by_abundance,ranked_top_N,50
Coralliogalathea humilis,3,2.333333333333333,0,0.8333333333333334,179.99999999999991,Proportional,FALSE,top_050_by_abundance,ranked_top_N,50
Coralliogalathea humilis,6,1,1,1.6666666666666667,-40,Proportional,FALSE,top_050_by_abundance,ranked_top_N,50
Stomatolina rubra,3,1.6666666666666665,0,0.33333333333333326,400.00000000000006,Proportional,FALSE,top_050_by_abundance,ranked_top_N,50
Stomatolina rubra,6,2.6666666666666665,0,0.6666666666666665,300.00000000000006,Proportional,FALSE,top_050_by_abundance,ranked_top_N,50
Zafra hahajimana,3,0,0,1.1666666666666665,-100,Proportional,FALSE,top_050_by_abundance,ranked_top_N,50
Zafra hahajimana,6,4.333333333333333,2,2.333333333333333,85.71428571428572,Proportional,FALSE,top_050_by_abundance,ranked_top_N,50
Xanthias lamarckii,3,1.1666666666666667,0,0.33333333333333326,250.00000000000009,Proportional,FALSE,top_050_by_abundance,ranked_top_N,50
Xanthias lamarckii,6,3.3333333333333335,1,0.6666666666666665,400.0000000000001,Above Expected,TRUE,top_050_by_abundance,ranked_top_N,50
Cellana taitensis,3,0.8333333333333333,1,1.1666666666666667,-28.571428571428584,Proportional,FALSE,top_050_by_abundance,ranked_top_N,50
Cellana taitensis,6,2,2,2.3333333333333335,-14.285714285714292,Proportional,FALSE,top_050_by_abundance,ranked_top_N,50
Halichoeres trimaculatus,3,1,1,1.3333333333333333,-24.999999999999996,Proportional,FALSE,top_050_by_abundance,ranked_top_N,50
Halichoeres trimaculatus,6,1.3333333333333335,2,2.6666666666666665,-49.99999999999999,Proportional,FALSE,top_050_by_abundance,ranked_top_N,50
Alpheus diadema,3,0.6666666666666667,1,0.8333333333333334,-19.999999999999996,Proportional,FALSE,top_050_by_abundance,ranked_top_N,50
Alpheus diadema,6,3,1,1.6666666666666667,79.99999999999999,Proportional,FALSE,top_050_by_abundance,ranked_top_N,50
Macteola interrupta,3,1,0,0.16666666666666663,500.00000000000017,Proportional,FALSE,top_050_by_abundance,ranked_top_N,50
Macteola interrupta,6,2.3333333333333335,0,0.33333333333333326,600.0000000000001,Proportional,FALSE,top_050_by_abundance,ranked_top_N,50
Trapezia tigrina,3,0.6666666666666667,0,0.6666666666666665,3.33066907387547e-14,Proportional,FALSE,top_050_by_abundance,ranked_top_N,50
Trapezia tigrina,6,2,1,1.333333333333333,50.000000000000036,Proportional,FALSE,top_050_by_abundance,ranked_top_N,50
Lucilina pacifica,3,0.6666666666666667,0,0.6666666666666665,3.33066907387547e-14,Proportional,FALSE,top_050_by_abundance,ranked_top_N,50
Lucilina pacifica,6,1.6666666666666665,1,1.333333333333333,25.000000000000018,Proportional,FALSE,top_050_by_abundance,ranked_top_N,50
Trapezia guttata,3,1,0,0.33333333333333326,200.00000000000006,Proportional,FALSE,top_050_by_abundance,ranked_top_N,50
Trapezia guttata,6,1.3333333333333333,0,0.6666666666666665,100.00000000000003,Proportional,FALSE,top_050_by_abundance,ranked_top_N,50
Vexillum interruptum,3,0.8333333333333333,0,0.5,66.66666666666666,Proportional,FALSE,top_050_by_abundance,ranked_top_N,50
Vexillum interruptum,6,1,1,1,0,Proportional,FALSE,top_050_by_abundance,ranked_top_N,50
Euplica varians,3,0.5,0,0.33333333333333326,50.000000000000036,Proportional,FALSE,top_050_by_abundance,ranked_top_N,50
Euplica varians,6,2,0,0.6666666666666665,200.00000000000006,Proportional,FALSE,top_050_by_abundance,ranked_top_N,50
Echinometra mathaei,3,0.6666666666666666,0,0.5,33.33333333333333,Proportional,FALSE,top_050_by_abundance,ranked_top_N,50
Echinometra mathaei,6,0.6666666666666667,1,1,-33.33333333333333,Proportional,FALSE,top_050_by_abundance,ranked_top_N,50
Paragobiodon lacunicolus,3,0.3333333333333333,0,0.33333333333333326,1.665334536937735e-14,Proportional,FALSE,top_050_by_abundance,ranked_top_N,50
Paragobiodon lacunicolus,6,1.6666666666666667,1,0.6666666666666665,150.00000000000009,Proportional,FALSE,top_050_by_abundance,ranked_top_N,50
Stomatella auricula,3,0.5,0,0,NA,Proportional,FALSE,top_050_by_abundance,ranked_top_N,50
Stomatella auricula,6,2,0,0,NA,Proportional,FALSE,top_050_by_abundance,ranked_top_N,50
Cystiscus garretti,3,0.5,0,0.1666666666666666,200.00000000000009,Proportional,FALSE,top_050_by_abundance,ranked_top_N,50
Cystiscus garretti,6,1.3333333333333333,0,0.3333333333333332,300.0000000000001,Proportional,FALSE,top_050_by_abundance,ranked_top_N,50
Thinora maldivensis,3,0,0,1,-100,Proportional,FALSE,top_050_by_abundance,ranked_top_N,50
Thinora maldivensis,6,0.6666666666666667,1,2,-66.66666666666666,Proportional,FALSE,top_050_by_abundance,ranked_top_N,50
Arete indicus,3,0.6666666666666666,0,0.6666666666666665,1.665334536937735e-14,Proportional,FALSE,top_050_by_abundance,ranked_top_N,50
Arete indicus,6,0,1,1.333333333333333,-100.00000000000001,Proportional,FALSE,top_050_by_abundance,ranked_top_N,50
Alpheus dolerus,3,0,0,0.33333333333333326,-100.00000000000001,Proportional,FALSE,top_050_by_abundance,ranked_top_N,50
Alpheus dolerus,6,1.6666666666666667,1,0.6666666666666665,150.00000000000009,Proportional,FALSE,top_050_by_abundance,ranked_top_N,50
Breviturma dentata,3,0.5,0,0.5,0,Proportional,FALSE,top_050_by_abundance,ranked_top_N,50
Breviturma dentata,6,0.33333333333333337,1,1,-66.66666666666666,Proportional,FALSE,top_050_by_abundance,ranked_top_N,50
Trapezia bidentata,3,0.16666666666666669,1,0.8333333333333334,-80,Proportional,FALSE,top_050_by_abundance,ranked_top_N,50
Trapezia bidentata,6,0.33333333333333337,1,1.6666666666666667,-80,Proportional,FALSE,top_050_by_abundance,ranked_top_N,50
Fennera chacei,3,51.83333333333333,100,102.16666666666667,-49.265905383360526,Proportional,FALSE,top_075_by_abundance,ranked_top_N,75
Fennera chacei,6,97.33333333333333,204,204.33333333333334,-52.365415986949436,Proportional,FALSE,top_075_by_abundance,ranked_top_N,75
Galeropsis monodonta,3,64,47,49,30.612244897959183,Proportional,FALSE,top_075_by_abundance,ranked_top_N,75
Galeropsis monodonta,6,116.66666666666667,97,98,19.047619047619055,Proportional,FALSE,top_075_by_abundance,ranked_top_N,75
Periclimenes watamuae,3,22.333333333333332,19,26.666666666666668,-16.25000000000001,Proportional,FALSE,top_075_by_abundance,ranked_top_N,75
Periclimenes watamuae,6,11,46,53.333333333333336,-79.37500000000001,Proportional,FALSE,top_075_by_abundance,ranked_top_N,75
Trapezia serenei,3,18.5,14,14,32.142857142857146,Proportional,FALSE,top_075_by_abundance,ranked_top_N,75
Trapezia serenei,6,39.666666666666664,28,28,41.666666666666664,Proportional,FALSE,top_075_by_abundance,ranked_top_N,75
Harpiliopsis spinigera,3,16,15,16.5,-3.0303030303030303,Proportional,FALSE,top_075_by_abundance,ranked_top_N,75
Harpiliopsis spinigera,6,23.666666666666668,32,33,-28.28282828282828,Proportional,FALSE,top_075_by_abundance,ranked_top_N,75
Calcinus latens,3,16,9,9.833333333333332,62.711864406779675,Proportional,FALSE,top_075_by_abundance,ranked_top_N,75
Calcinus latens,6,23,19,19.666666666666664,16.949152542372897,Proportional,FALSE,top_075_by_abundance,ranked_top_N,75
Dascyllus aruanus,3,13,14,14.833333333333334,-12.359550561797757,Proportional,FALSE,top_075_by_abundance,ranked_top_N,75
Dascyllus aruanus,6,10,30,29.666666666666668,-66.29213483146067,Below Expected,TRUE,top_075_by_abundance,ranked_top_N,75
Paragobiodon modestus,3,8.333333333333334,9,9.5,-12.280701754385959,Proportional,FALSE,top_075_by_abundance,ranked_top_N,75
Paragobiodon modestus,6,16.333333333333332,19,19,-14.035087719298252,Proportional,FALSE,top_075_by_abundance,ranked_top_N,75
Apataxia cerithiiformis,3,7.666666666666666,3,3,155.55555555555554,Proportional,FALSE,top_075_by_abundance,ranked_top_N,75
Apataxia cerithiiformis,6,27,6,6,350,Proportional,FALSE,top_075_by_abundance,ranked_top_N,75
Galathea mauritiana,3,5.833333333333334,4,8.5,-31.37254901960784,Proportional,FALSE,top_075_by_abundance,ranked_top_N,75
Galathea mauritiana,6,14.666666666666666,9,17,-13.725490196078436,Proportional,FALSE,top_075_by_abundance,ranked_top_N,75
Athanas djiboutensis,3,6.666666666666667,3,5.166666666666667,29.032258064516128,Proportional,FALSE,top_075_by_abundance,ranked_top_N,75
Athanas djiboutensis,6,14.666666666666666,10,10.333333333333334,41.93548387096773,Proportional,FALSE,top_075_by_abundance,ranked_top_N,75
Dascyllus flavicaudus,3,5.666666666666667,7,7.333333333333334,-22.727272727272727,Proportional,FALSE,top_075_by_abundance,ranked_top_N,75
Dascyllus flavicaudus,6,11.666666666666666,14,14.666666666666668,-20.454545454545464,Proportional,FALSE,top_075_by_abundance,ranked_top_N,75
Alpheus lottini,3,6.833333333333333,5,5.166666666666667,32.25806451612902,Proportional,FALSE,top_075_by_abundance,ranked_top_N,75
Alpheus lottini,6,13,10,10.333333333333334,25.80645161290322,Proportional,FALSE,top_075_by_abundance,ranked_top_N,75
Synalpheus charon,3,5.5,5,4.833333333333334,13.793103448275847,Proportional,FALSE,top_075_by_abundance,ranked_top_N,75
Synalpheus charon,6,10,10,9.666666666666668,3.448275862068953,Proportional,FALSE,top_075_by_abundance,ranked_top_N,75
Diala albugo,3,4.833333333333333,2,2.5,93.33333333333333,Proportional,FALSE,top_075_by_abundance,ranked_top_N,75
Diala albugo,6,16,5,5,220,Proportional,FALSE,top_075_by_abundance,ranked_top_N,75
Cerithium zebrum,3,5.833333333333333,3,3.666666666666667,59.090909090909065,Proportional,FALSE,top_075_by_abundance,ranked_top_N,75
Cerithium zebrum,6,11.333333333333334,7,7.333333333333334,54.54545454545454,Proportional,FALSE,top_075_by_abundance,ranked_top_N,75
Chlorodiella barbata,3,5.666666666666666,2,2.5,126.66666666666666,Proportional,FALSE,top_075_by_abundance,ranked_top_N,75
Chlorodiella barbata,6,9,4,5,80,Proportional,FALSE,top_075_by_abundance,ranked_top_N,75
Hargeria rapax,3,3.166666666666667,4,3.4999999999999996,-9.523809523809504,Proportional,FALSE,top_075_by_abundance,ranked_top_N,75
Hargeria rapax,6,9,7,6.999999999999999,28.571428571428587,Proportional,FALSE,top_075_by_abundance,ranked_top_N,75
Diala semistriata,3,2.333333333333333,2,2.5,-6.6666666666666785,Proportional,FALSE,top_075_by_abundance,ranked_top_N,75
Diala semistriata,6,9.333333333333334,5,5,86.66666666666667,Proportional,FALSE,top_075_by_abundance,ranked_top_N,75
Luniella pugil,3,2,2,2.833333333333333,-29.411764705882344,Proportional,FALSE,top_075_by_abundance,ranked_top_N,75
Luniella pugil,6,7,5,5.666666666666666,23.5294117647059,Proportional,FALSE,top_075_by_abundance,ranked_top_N,75
Mitrella moleculina,3,0.8333333333333333,0,0.33333333333333326,150.00000000000003,Proportional,FALSE,top_075_by_abundance,ranked_top_N,75
Mitrella moleculina,6,10.666666666666666,1,0.6666666666666665,1500.0000000000002,Above Expected,TRUE,top_075_by_abundance,ranked_top_N,75
Strigatella assimilis,3,1.1666666666666667,1,1.5,-22.222222222222218,Proportional,FALSE,top_075_by_abundance,ranked_top_N,75
Strigatella assimilis,6,6.666666666666667,3,3,122.22222222222223,Proportional,FALSE,top_075_by_abundance,ranked_top_N,75
Menaethius monoceros,3,1.8333333333333333,1,1.666666666666667,9.999999999999975,Proportional,FALSE,top_075_by_abundance,ranked_top_N,75
Menaethius monoceros,6,4.666666666666667,3,3.333333333333334,39.999999999999986,Proportional,FALSE,top_075_by_abundance,ranked_top_N,75
Harpiliopsis beaupresii,3,3,1,1.5,100,Proportional,FALSE,top_075_by_abundance,ranked_top_N,75
Harpiliopsis beaupresii,6,0.33333333333333337,2,3,-88.88888888888887,Proportional,FALSE,top_075_by_abundance,ranked_top_N,75
Caracanthus maculatus,3,1.5,2,2.5,-40,Proportional,FALSE,top_075_by_abundance,ranked_top_N,75
Caracanthus maculatus,6,1,5,5,-80,Proportional,FALSE,top_075_by_abundance,ranked_top_N,75
Morula zebrina,3,0.6666666666666667,0,0.6666666666666666,1.6653345369377348e-14,Proportional,FALSE,top_075_by_abundance,ranked_top_N,75
Morula zebrina,6,6,1,1.3333333333333333,350.00000000000006,Proportional,FALSE,top_075_by_abundance,ranked_top_N,75
Carinomitra typha,3,1.1666666666666667,0,0.9999999999999998,16.6666666666667,Proportional,FALSE,top_075_by_abundance,ranked_top_N,75
Carinomitra typha,6,4,2,1.9999999999999996,100.00000000000006,Proportional,FALSE,top_075_by_abundance,ranked_top_N,75
Pascula muricata,3,0.5,0,0.16666666666666663,200.00000000000006,Proportional,FALSE,top_075_by_abundance,ranked_top_N,75
Pascula muricata,6,7,0,0.33333333333333326,2000.0000000000007,Proportional,FALSE,top_075_by_abundance,ranked_top_N,75
Coralliogalathea humilis,3,2.333333333333333,0,0.8333333333333334,179.99999999999991,Proportional,FALSE,top_075_by_abundance,ranked_top_N,75
Coralliogalathea humilis,6,1,1,1.6666666666666667,-40,Proportional,FALSE,top_075_by_abundance,ranked_top_N,75
Stomatolina rubra,3,1.6666666666666665,0,0.33333333333333326,400.00000000000006,Proportional,FALSE,top_075_by_abundance,ranked_top_N,75
Stomatolina rubra,6,2.6666666666666665,0,0.6666666666666665,300.00000000000006,Proportional,FALSE,top_075_by_abundance,ranked_top_N,75
Zafra hahajimana,3,0,0,1.1666666666666665,-100,Proportional,FALSE,top_075_by_abundance,ranked_top_N,75
Zafra hahajimana,6,4.333333333333333,2,2.333333333333333,85.71428571428572,Proportional,FALSE,top_075_by_abundance,ranked_top_N,75
Xanthias lamarckii,3,1.1666666666666667,0,0.33333333333333326,250.00000000000009,Proportional,FALSE,top_075_by_abundance,ranked_top_N,75
Xanthias lamarckii,6,3.3333333333333335,1,0.6666666666666665,400.0000000000001,Above Expected,TRUE,top_075_by_abundance,ranked_top_N,75
Cellana taitensis,3,0.8333333333333333,1,1.1666666666666667,-28.571428571428584,Proportional,FALSE,top_075_by_abundance,ranked_top_N,75
Cellana taitensis,6,2,2,2.3333333333333335,-14.285714285714292,Proportional,FALSE,top_075_by_abundance,ranked_top_N,75
Halichoeres trimaculatus,3,1,1,1.3333333333333333,-24.999999999999996,Proportional,FALSE,top_075_by_abundance,ranked_top_N,75
Halichoeres trimaculatus,6,1.3333333333333335,2,2.6666666666666665,-49.99999999999999,Proportional,FALSE,top_075_by_abundance,ranked_top_N,75
Alpheus diadema,3,0.6666666666666667,1,0.8333333333333334,-19.999999999999996,Proportional,FALSE,top_075_by_abundance,ranked_top_N,75
Alpheus diadema,6,3,1,1.6666666666666667,79.99999999999999,Proportional,FALSE,top_075_by_abundance,ranked_top_N,75
Macteola interrupta,3,1,0,0.16666666666666663,500.00000000000017,Proportional,FALSE,top_075_by_abundance,ranked_top_N,75
Macteola interrupta,6,2.3333333333333335,0,0.33333333333333326,600.0000000000001,Proportional,FALSE,top_075_by_abundance,ranked_top_N,75
Trapezia tigrina,3,0.6666666666666667,0,0.6666666666666665,3.33066907387547e-14,Proportional,FALSE,top_075_by_abundance,ranked_top_N,75
Trapezia tigrina,6,2,1,1.333333333333333,50.000000000000036,Proportional,FALSE,top_075_by_abundance,ranked_top_N,75
Lucilina pacifica,3,0.6666666666666667,0,0.6666666666666665,3.33066907387547e-14,Proportional,FALSE,top_075_by_abundance,ranked_top_N,75
Lucilina pacifica,6,1.6666666666666665,1,1.333333333333333,25.000000000000018,Proportional,FALSE,top_075_by_abundance,ranked_top_N,75
Trapezia guttata,3,1,0,0.33333333333333326,200.00000000000006,Proportional,FALSE,top_075_by_abundance,ranked_top_N,75
Trapezia guttata,6,1.3333333333333333,0,0.6666666666666665,100.00000000000003,Proportional,FALSE,top_075_by_abundance,ranked_top_N,75
Vexillum interruptum,3,0.8333333333333333,0,0.5,66.66666666666666,Proportional,FALSE,top_075_by_abundance,ranked_top_N,75
Vexillum interruptum,6,1,1,1,0,Proportional,FALSE,top_075_by_abundance,ranked_top_N,75
Euplica varians,3,0.5,0,0.33333333333333326,50.000000000000036,Proportional,FALSE,top_075_by_abundance,ranked_top_N,75
Euplica varians,6,2,0,0.6666666666666665,200.00000000000006,Proportional,FALSE,top_075_by_abundance,ranked_top_N,75
Echinometra mathaei,3,0.6666666666666666,0,0.5,33.33333333333333,Proportional,FALSE,top_075_by_abundance,ranked_top_N,75
Echinometra mathaei,6,0.6666666666666667,1,1,-33.33333333333333,Proportional,FALSE,top_075_by_abundance,ranked_top_N,75
Paragobiodon lacunicolus,3,0.3333333333333333,0,0.33333333333333326,1.665334536937735e-14,Proportional,FALSE,top_075_by_abundance,ranked_top_N,75
Paragobiodon lacunicolus,6,1.6666666666666667,1,0.6666666666666665,150.00000000000009,Proportional,FALSE,top_075_by_abundance,ranked_top_N,75
Stomatella auricula,3,0.5,0,0,NA,Proportional,FALSE,top_075_by_abundance,ranked_top_N,75
Stomatella auricula,6,2,0,0,NA,Proportional,FALSE,top_075_by_abundance,ranked_top_N,75
Cystiscus garretti,3,0.5,0,0.1666666666666666,200.00000000000009,Proportional,FALSE,top_075_by_abundance,ranked_top_N,75
Cystiscus garretti,6,1.3333333333333333,0,0.3333333333333332,300.0000000000001,Proportional,FALSE,top_075_by_abundance,ranked_top_N,75
Thinora maldivensis,3,0,0,1,-100,Proportional,FALSE,top_075_by_abundance,ranked_top_N,75
Thinora maldivensis,6,0.6666666666666667,1,2,-66.66666666666666,Proportional,FALSE,top_075_by_abundance,ranked_top_N,75
Arete indicus,3,0.6666666666666666,0,0.6666666666666665,1.665334536937735e-14,Proportional,FALSE,top_075_by_abundance,ranked_top_N,75
Arete indicus,6,0,1,1.333333333333333,-100.00000000000001,Proportional,FALSE,top_075_by_abundance,ranked_top_N,75
Alpheus dolerus,3,0,0,0.33333333333333326,-100.00000000000001,Proportional,FALSE,top_075_by_abundance,ranked_top_N,75
Alpheus dolerus,6,1.6666666666666667,1,0.6666666666666665,150.00000000000009,Proportional,FALSE,top_075_by_abundance,ranked_top_N,75
Breviturma dentata,3,0.5,0,0.5,0,Proportional,FALSE,top_075_by_abundance,ranked_top_N,75
Breviturma dentata,6,0.33333333333333337,1,1,-66.66666666666666,Proportional,FALSE,top_075_by_abundance,ranked_top_N,75
Trapezia bidentata,3,0.16666666666666669,1,0.8333333333333334,-80,Proportional,FALSE,top_075_by_abundance,ranked_top_N,75
Trapezia bidentata,6,0.33333333333333337,1,1.6666666666666667,-80,Proportional,FALSE,top_075_by_abundance,ranked_top_N,75
Cerithium punctatum,3,0.16666666666666669,0,0.16666666666666663,3.33066907387547e-14,Proportional,FALSE,top_075_by_abundance,ranked_top_N,75
Cerithium punctatum,6,1.3333333333333333,0,0.33333333333333326,300.00000000000006,Proportional,FALSE,top_075_by_abundance,ranked_top_N,75
Thalamita coeruleipes,3,0.16666666666666669,0,0.6666666666666665,-75,Proportional,FALSE,top_075_by_abundance,ranked_top_N,75
Thalamita coeruleipes,6,0.33333333333333337,1,1.333333333333333,-75,Proportional,FALSE,top_075_by_abundance,ranked_top_N,75
Breviturma pica,3,0.5,0,0,NA,Proportional,FALSE,top_075_by_abundance,ranked_top_N,75
Breviturma pica,6,0.6666666666666666,0,0,NA,Above Expected,TRUE,top_075_by_abundance,ranked_top_N,75
Medaeus ornatus,3,0.16666666666666669,0,0.3333333333333332,-49.99999999999997,Proportional,FALSE,top_075_by_abundance,ranked_top_N,75
Medaeus ornatus,6,0.6666666666666666,1,0.6666666666666664,3.330669073875471e-14,Proportional,FALSE,top_075_by_abundance,ranked_top_N,75
Carinomitra saltata,3,0.5,0,0.16666666666666663,200.00000000000006,Proportional,FALSE,top_075_by_abundance,ranked_top_N,75
Carinomitra saltata,6,0.33333333333333337,0,0.33333333333333326,3.33066907387547e-14,Proportional,FALSE,top_075_by_abundance,ranked_top_N,75
Cyclodius nitidus,3,0.5,0,0,NA,Proportional,FALSE,top_075_by_abundance,ranked_top_N,75
Cyclodius nitidus,6,0.6666666666666666,0,0,NA,Above Expected,TRUE,top_075_by_abundance,ranked_top_N,75
Mastonia vulpina,3,0,0,0.33333333333333326,-100.00000000000001,Proportional,FALSE,top_075_by_abundance,ranked_top_N,75
Mastonia vulpina,6,1,0,0.6666666666666665,50.000000000000036,Proportional,FALSE,top_075_by_abundance,ranked_top_N,75
Phylladiorhynchus integrirostris,3,0.33333333333333337,0,0.33333333333333326,3.33066907387547e-14,Proportional,FALSE,top_075_by_abundance,ranked_top_N,75
Phylladiorhynchus integrirostris,6,0.33333333333333337,0,0.6666666666666665,-49.999999999999986,Proportional,FALSE,top_075_by_abundance,ranked_top_N,75
Trapezia punctimanus,3,0.16666666666666666,0,0.16666666666666663,1.665334536937735e-14,Proportional,FALSE,top_075_by_abundance,ranked_top_N,75
Trapezia punctimanus,6,1,0,0.33333333333333326,200.00000000000006,Proportional,FALSE,top_075_by_abundance,ranked_top_N,75
Chlorodiella laevissima,3,0,0,0,NA,Proportional,FALSE,top_075_by_abundance,ranked_top_N,75
Chlorodiella laevissima,6,1.3333333333333333,0,0,NA,Above Expected,TRUE,top_075_by_abundance,ranked_top_N,75
Trapezia areolata,3,0,0,0.16666666666666663,-100.00000000000001,Proportional,FALSE,top_075_by_abundance,ranked_top_N,75
Trapezia areolata,6,1,0,0.33333333333333326,200.00000000000006,Proportional,FALSE,top_075_by_abundance,ranked_top_N,75
Eratoena schmeltziana,3,0.5,0,0,NA,Proportional,FALSE,top_075_by_abundance,ranked_top_N,75
Eratoena schmeltziana,6,0.33333333333333337,0,0,NA,Proportional,FALSE,top_075_by_abundance,ranked_top_N,75
Monetaria obvelata,3,0.5,0,0.16666666666666663,200.00000000000006,Proportional,FALSE,top_075_by_abundance,ranked_top_N,75
Monetaria obvelata,6,0,0,0.33333333333333326,-100.00000000000001,Proportional,FALSE,top_075_by_abundance,ranked_top_N,75
Pomacentrus pavo,3,0,0,0,NA,Proportional,FALSE,top_075_by_abundance,ranked_top_N,75
Pomacentrus pavo,6,1.3333333333333333,0,0,NA,Proportional,FALSE,top_075_by_abundance,ranked_top_N,75
Harpiliopsis depressa,3,0.6666666666666667,0,0,NA,Proportional,FALSE,top_075_by_abundance,ranked_top_N,75
Harpiliopsis depressa,6,0,0,0,NA,Proportional,FALSE,top_075_by_abundance,ranked_top_N,75
Alpheus pachychirus,3,0,0,0.16666666666666663,-100.00000000000001,Proportional,FALSE,top_075_by_abundance,ranked_top_N,75
Alpheus pachychirus,6,0.6666666666666666,0,0.33333333333333326,100.00000000000003,Proportional,FALSE,top_075_by_abundance,ranked_top_N,75
Kermia maculosa,3,0,0,0.16666666666666663,-100.00000000000001,Proportional,FALSE,top_075_by_abundance,ranked_top_N,75
Kermia maculosa,6,0.6666666666666666,0,0.33333333333333326,100.00000000000003,Proportional,FALSE,top_075_by_abundance,ranked_top_N,75
Parelasmopus suensis,3,0.16666666666666666,0,0,NA,Proportional,FALSE,top_075_by_abundance,ranked_top_N,75
Parelasmopus suensis,6,0.6666666666666667,0,0,NA,Proportional,FALSE,top_075_by_abundance,ranked_top_N,75
Rissoina heronensis,3,0.33333333333333337,0,0,NA,Proportional,FALSE,top_075_by_abundance,ranked_top_N,75
Rissoina heronensis,6,0.33333333333333337,0,0,NA,Proportional,FALSE,top_075_by_abundance,ranked_top_N,75
Cerithium columna,3,0,0,0.5,-100,Proportional,FALSE,top_075_by_abundance,ranked_top_N,75
Cerithium columna,6,0,1,1,-100,Proportional,FALSE,top_075_by_abundance,ranked_top_N,75
Domecia glabra,3,0.5,0,0,NA,Proportional,FALSE,top_075_by_abundance,ranked_top_N,75
Domecia glabra,6,0,0,0,NA,Proportional,FALSE,top_075_by_abundance,ranked_top_N,75
Gobiodon unicolor,3,0,0,0.16666666666666663,-100.00000000000001,Proportional,FALSE,top_075_by_abundance,ranked_top_N,75
Gobiodon unicolor,6,0.6666666666666667,0,0.33333333333333326,100.00000000000007,Proportional,FALSE,top_075_by_abundance,ranked_top_N,75
Prodotia iostoma,3,0,0,0.33333333333333326,-100.00000000000001,Proportional,FALSE,top_075_by_abundance,ranked_top_N,75
Prodotia iostoma,6,0.33333333333333337,0,0.6666666666666665,-49.999999999999986,Proportional,FALSE,top_075_by_abundance,ranked_top_N,75
Thor amboinensis,3,0.33333333333333337,0,0.16666666666666663,100.00000000000007,Proportional,FALSE,top_075_by_abundance,ranked_top_N,75
Thor amboinensis,6,0,0,0.33333333333333326,-100.00000000000001,Proportional,FALSE,top_075_by_abundance,ranked_top_N,75
Ophiactis savignyi,3,0.5,0,0,NA,Proportional,FALSE,top_075_by_abundance,ranked_top_N,75
Ophiactis savignyi,6,0,0,0,NA,Proportional,FALSE,top_075_by_abundance,ranked_top_N,75
Fennera chacei,3,51.83333333333333,100,102.16666666666667,-49.265905383360526,Proportional,FALSE,top_100_by_abundance,ranked_top_N,100
Fennera chacei,6,97.33333333333333,204,204.33333333333334,-52.365415986949436,Proportional,FALSE,top_100_by_abundance,ranked_top_N,100
Galeropsis monodonta,3,64,47,49,30.612244897959183,Proportional,FALSE,top_100_by_abundance,ranked_top_N,100
Galeropsis monodonta,6,116.66666666666667,97,98,19.047619047619055,Proportional,FALSE,top_100_by_abundance,ranked_top_N,100
Periclimenes watamuae,3,22.333333333333332,19,26.666666666666668,-16.25000000000001,Proportional,FALSE,top_100_by_abundance,ranked_top_N,100
Periclimenes watamuae,6,11,46,53.333333333333336,-79.37500000000001,Proportional,FALSE,top_100_by_abundance,ranked_top_N,100
Trapezia serenei,3,18.5,14,14,32.142857142857146,Proportional,FALSE,top_100_by_abundance,ranked_top_N,100
Trapezia serenei,6,39.666666666666664,28,28,41.666666666666664,Proportional,FALSE,top_100_by_abundance,ranked_top_N,100
Harpiliopsis spinigera,3,16,15,16.5,-3.0303030303030303,Proportional,FALSE,top_100_by_abundance,ranked_top_N,100
Harpiliopsis spinigera,6,23.666666666666668,32,33,-28.28282828282828,Proportional,FALSE,top_100_by_abundance,ranked_top_N,100
Calcinus latens,3,16,9,9.833333333333332,62.711864406779675,Proportional,FALSE,top_100_by_abundance,ranked_top_N,100
Calcinus latens,6,23,19,19.666666666666664,16.949152542372897,Proportional,FALSE,top_100_by_abundance,ranked_top_N,100
Dascyllus aruanus,3,13,14,14.833333333333334,-12.359550561797757,Proportional,FALSE,top_100_by_abundance,ranked_top_N,100
Dascyllus aruanus,6,10,30,29.666666666666668,-66.29213483146067,Below Expected,TRUE,top_100_by_abundance,ranked_top_N,100
Paragobiodon modestus,3,8.333333333333334,9,9.5,-12.280701754385959,Proportional,FALSE,top_100_by_abundance,ranked_top_N,100
Paragobiodon modestus,6,16.333333333333332,19,19,-14.035087719298252,Proportional,FALSE,top_100_by_abundance,ranked_top_N,100
Apataxia cerithiiformis,3,7.666666666666666,3,3,155.55555555555554,Proportional,FALSE,top_100_by_abundance,ranked_top_N,100
Apataxia cerithiiformis,6,27,6,6,350,Proportional,FALSE,top_100_by_abundance,ranked_top_N,100
Galathea mauritiana,3,5.833333333333334,4,8.5,-31.37254901960784,Proportional,FALSE,top_100_by_abundance,ranked_top_N,100
Galathea mauritiana,6,14.666666666666666,9,17,-13.725490196078436,Proportional,FALSE,top_100_by_abundance,ranked_top_N,100
Athanas djiboutensis,3,6.666666666666667,3,5.166666666666667,29.032258064516128,Proportional,FALSE,top_100_by_abundance,ranked_top_N,100
Athanas djiboutensis,6,14.666666666666666,10,10.333333333333334,41.93548387096773,Proportional,FALSE,top_100_by_abundance,ranked_top_N,100
Dascyllus flavicaudus,3,5.666666666666667,7,7.333333333333334,-22.727272727272727,Proportional,FALSE,top_100_by_abundance,ranked_top_N,100
Dascyllus flavicaudus,6,11.666666666666666,14,14.666666666666668,-20.454545454545464,Proportional,FALSE,top_100_by_abundance,ranked_top_N,100
Alpheus lottini,3,6.833333333333333,5,5.166666666666667,32.25806451612902,Proportional,FALSE,top_100_by_abundance,ranked_top_N,100
Alpheus lottini,6,13,10,10.333333333333334,25.80645161290322,Proportional,FALSE,top_100_by_abundance,ranked_top_N,100
Synalpheus charon,3,5.5,5,4.833333333333334,13.793103448275847,Proportional,FALSE,top_100_by_abundance,ranked_top_N,100
Synalpheus charon,6,10,10,9.666666666666668,3.448275862068953,Proportional,FALSE,top_100_by_abundance,ranked_top_N,100
Diala albugo,3,4.833333333333333,2,2.5,93.33333333333333,Proportional,FALSE,top_100_by_abundance,ranked_top_N,100
Diala albugo,6,16,5,5,220,Proportional,FALSE,top_100_by_abundance,ranked_top_N,100
Cerithium zebrum,3,5.833333333333333,3,3.666666666666667,59.090909090909065,Proportional,FALSE,top_100_by_abundance,ranked_top_N,100
Cerithium zebrum,6,11.333333333333334,7,7.333333333333334,54.54545454545454,Proportional,FALSE,top_100_by_abundance,ranked_top_N,100
Chlorodiella barbata,3,5.666666666666666,2,2.5,126.66666666666666,Proportional,FALSE,top_100_by_abundance,ranked_top_N,100
Chlorodiella barbata,6,9,4,5,80,Proportional,FALSE,top_100_by_abundance,ranked_top_N,100
Hargeria rapax,3,3.166666666666667,4,3.4999999999999996,-9.523809523809504,Proportional,FALSE,top_100_by_abundance,ranked_top_N,100
Hargeria rapax,6,9,7,6.999999999999999,28.571428571428587,Proportional,FALSE,top_100_by_abundance,ranked_top_N,100
Diala semistriata,3,2.333333333333333,2,2.5,-6.6666666666666785,Proportional,FALSE,top_100_by_abundance,ranked_top_N,100
Diala semistriata,6,9.333333333333334,5,5,86.66666666666667,Proportional,FALSE,top_100_by_abundance,ranked_top_N,100
Luniella pugil,3,2,2,2.833333333333333,-29.411764705882344,Proportional,FALSE,top_100_by_abundance,ranked_top_N,100
Luniella pugil,6,7,5,5.666666666666666,23.5294117647059,Proportional,FALSE,top_100_by_abundance,ranked_top_N,100
Mitrella moleculina,3,0.8333333333333333,0,0.33333333333333326,150.00000000000003,Proportional,FALSE,top_100_by_abundance,ranked_top_N,100
Mitrella moleculina,6,10.666666666666666,1,0.6666666666666665,1500.0000000000002,Above Expected,TRUE,top_100_by_abundance,ranked_top_N,100
Strigatella assimilis,3,1.1666666666666667,1,1.5,-22.222222222222218,Proportional,FALSE,top_100_by_abundance,ranked_top_N,100
Strigatella assimilis,6,6.666666666666667,3,3,122.22222222222223,Proportional,FALSE,top_100_by_abundance,ranked_top_N,100
Menaethius monoceros,3,1.8333333333333333,1,1.666666666666667,9.999999999999975,Proportional,FALSE,top_100_by_abundance,ranked_top_N,100
Menaethius monoceros,6,4.666666666666667,3,3.333333333333334,39.999999999999986,Proportional,FALSE,top_100_by_abundance,ranked_top_N,100
Harpiliopsis beaupresii,3,3,1,1.5,100,Proportional,FALSE,top_100_by_abundance,ranked_top_N,100
Harpiliopsis beaupresii,6,0.33333333333333337,2,3,-88.88888888888887,Proportional,FALSE,top_100_by_abundance,ranked_top_N,100
Caracanthus maculatus,3,1.5,2,2.5,-40,Proportional,FALSE,top_100_by_abundance,ranked_top_N,100
Caracanthus maculatus,6,1,5,5,-80,Proportional,FALSE,top_100_by_abundance,ranked_top_N,100
Morula zebrina,3,0.6666666666666667,0,0.6666666666666666,1.6653345369377348e-14,Proportional,FALSE,top_100_by_abundance,ranked_top_N,100
Morula zebrina,6,6,1,1.3333333333333333,350.00000000000006,Proportional,FALSE,top_100_by_abundance,ranked_top_N,100
Carinomitra typha,3,1.1666666666666667,0,0.9999999999999998,16.6666666666667,Proportional,FALSE,top_100_by_abundance,ranked_top_N,100
Carinomitra typha,6,4,2,1.9999999999999996,100.00000000000006,Proportional,FALSE,top_100_by_abundance,ranked_top_N,100
Pascula muricata,3,0.5,0,0.16666666666666663,200.00000000000006,Proportional,FALSE,top_100_by_abundance,ranked_top_N,100
Pascula muricata,6,7,0,0.33333333333333326,2000.0000000000007,Proportional,FALSE,top_100_by_abundance,ranked_top_N,100
Coralliogalathea humilis,3,2.333333333333333,0,0.8333333333333334,179.99999999999991,Proportional,FALSE,top_100_by_abundance,ranked_top_N,100
Coralliogalathea humilis,6,1,1,1.6666666666666667,-40,Proportional,FALSE,top_100_by_abundance,ranked_top_N,100
Stomatolina rubra,3,1.6666666666666665,0,0.33333333333333326,400.00000000000006,Proportional,FALSE,top_100_by_abundance,ranked_top_N,100
Stomatolina rubra,6,2.6666666666666665,0,0.6666666666666665,300.00000000000006,Proportional,FALSE,top_100_by_abundance,ranked_top_N,100
Zafra hahajimana,3,0,0,1.1666666666666665,-100,Proportional,FALSE,top_100_by_abundance,ranked_top_N,100
Zafra hahajimana,6,4.333333333333333,2,2.333333333333333,85.71428571428572,Proportional,FALSE,top_100_by_abundance,ranked_top_N,100
Xanthias lamarckii,3,1.1666666666666667,0,0.33333333333333326,250.00000000000009,Proportional,FALSE,top_100_by_abundance,ranked_top_N,100
Xanthias lamarckii,6,3.3333333333333335,1,0.6666666666666665,400.0000000000001,Above Expected,TRUE,top_100_by_abundance,ranked_top_N,100
Cellana taitensis,3,0.8333333333333333,1,1.1666666666666667,-28.571428571428584,Proportional,FALSE,top_100_by_abundance,ranked_top_N,100
Cellana taitensis,6,2,2,2.3333333333333335,-14.285714285714292,Proportional,FALSE,top_100_by_abundance,ranked_top_N,100
Halichoeres trimaculatus,3,1,1,1.3333333333333333,-24.999999999999996,Proportional,FALSE,top_100_by_abundance,ranked_top_N,100
Halichoeres trimaculatus,6,1.3333333333333335,2,2.6666666666666665,-49.99999999999999,Proportional,FALSE,top_100_by_abundance,ranked_top_N,100
Alpheus diadema,3,0.6666666666666667,1,0.8333333333333334,-19.999999999999996,Proportional,FALSE,top_100_by_abundance,ranked_top_N,100
Alpheus diadema,6,3,1,1.6666666666666667,79.99999999999999,Proportional,FALSE,top_100_by_abundance,ranked_top_N,100
Macteola interrupta,3,1,0,0.16666666666666663,500.00000000000017,Proportional,FALSE,top_100_by_abundance,ranked_top_N,100
Macteola interrupta,6,2.3333333333333335,0,0.33333333333333326,600.0000000000001,Proportional,FALSE,top_100_by_abundance,ranked_top_N,100
Trapezia tigrina,3,0.6666666666666667,0,0.6666666666666665,3.33066907387547e-14,Proportional,FALSE,top_100_by_abundance,ranked_top_N,100
Trapezia tigrina,6,2,1,1.333333333333333,50.000000000000036,Proportional,FALSE,top_100_by_abundance,ranked_top_N,100
Lucilina pacifica,3,0.6666666666666667,0,0.6666666666666665,3.33066907387547e-14,Proportional,FALSE,top_100_by_abundance,ranked_top_N,100
Lucilina pacifica,6,1.6666666666666665,1,1.333333333333333,25.000000000000018,Proportional,FALSE,top_100_by_abundance,ranked_top_N,100
Trapezia guttata,3,1,0,0.33333333333333326,200.00000000000006,Proportional,FALSE,top_100_by_abundance,ranked_top_N,100
Trapezia guttata,6,1.3333333333333333,0,0.6666666666666665,100.00000000000003,Proportional,FALSE,top_100_by_abundance,ranked_top_N,100
Vexillum interruptum,3,0.8333333333333333,0,0.5,66.66666666666666,Proportional,FALSE,top_100_by_abundance,ranked_top_N,100
Vexillum interruptum,6,1,1,1,0,Proportional,FALSE,top_100_by_abundance,ranked_top_N,100
Euplica varians,3,0.5,0,0.33333333333333326,50.000000000000036,Proportional,FALSE,top_100_by_abundance,ranked_top_N,100
Euplica varians,6,2,0,0.6666666666666665,200.00000000000006,Proportional,FALSE,top_100_by_abundance,ranked_top_N,100
Echinometra mathaei,3,0.6666666666666666,0,0.5,33.33333333333333,Proportional,FALSE,top_100_by_abundance,ranked_top_N,100
Echinometra mathaei,6,0.6666666666666667,1,1,-33.33333333333333,Proportional,FALSE,top_100_by_abundance,ranked_top_N,100
Paragobiodon lacunicolus,3,0.3333333333333333,0,0.33333333333333326,1.665334536937735e-14,Proportional,FALSE,top_100_by_abundance,ranked_top_N,100
Paragobiodon lacunicolus,6,1.6666666666666667,1,0.6666666666666665,150.00000000000009,Proportional,FALSE,top_100_by_abundance,ranked_top_N,100
Stomatella auricula,3,0.5,0,0,NA,Proportional,FALSE,top_100_by_abundance,ranked_top_N,100
Stomatella auricula,6,2,0,0,NA,Proportional,FALSE,top_100_by_abundance,ranked_top_N,100
Cystiscus garretti,3,0.5,0,0.1666666666666666,200.00000000000009,Proportional,FALSE,top_100_by_abundance,ranked_top_N,100
Cystiscus garretti,6,1.3333333333333333,0,0.3333333333333332,300.0000000000001,Proportional,FALSE,top_100_by_abundance,ranked_top_N,100
Thinora maldivensis,3,0,0,1,-100,Proportional,FALSE,top_100_by_abundance,ranked_top_N,100
Thinora maldivensis,6,0.6666666666666667,1,2,-66.66666666666666,Proportional,FALSE,top_100_by_abundance,ranked_top_N,100
Arete indicus,3,0.6666666666666666,0,0.6666666666666665,1.665334536937735e-14,Proportional,FALSE,top_100_by_abundance,ranked_top_N,100
Arete indicus,6,0,1,1.333333333333333,-100.00000000000001,Proportional,FALSE,top_100_by_abundance,ranked_top_N,100
Alpheus dolerus,3,0,0,0.33333333333333326,-100.00000000000001,Proportional,FALSE,top_100_by_abundance,ranked_top_N,100
Alpheus dolerus,6,1.6666666666666667,1,0.6666666666666665,150.00000000000009,Proportional,FALSE,top_100_by_abundance,ranked_top_N,100
Breviturma dentata,3,0.5,0,0.5,0,Proportional,FALSE,top_100_by_abundance,ranked_top_N,100
Breviturma dentata,6,0.33333333333333337,1,1,-66.66666666666666,Proportional,FALSE,top_100_by_abundance,ranked_top_N,100
Trapezia bidentata,3,0.16666666666666669,1,0.8333333333333334,-80,Proportional,FALSE,top_100_by_abundance,ranked_top_N,100
Trapezia bidentata,6,0.33333333333333337,1,1.6666666666666667,-80,Proportional,FALSE,top_100_by_abundance,ranked_top_N,100
Cerithium punctatum,3,0.16666666666666669,0,0.16666666666666663,3.33066907387547e-14,Proportional,FALSE,top_100_by_abundance,ranked_top_N,100
Cerithium punctatum,6,1.3333333333333333,0,0.33333333333333326,300.00000000000006,Proportional,FALSE,top_100_by_abundance,ranked_top_N,100
Thalamita coeruleipes,3,0.16666666666666669,0,0.6666666666666665,-75,Proportional,FALSE,top_100_by_abundance,ranked_top_N,100
Thalamita coeruleipes,6,0.33333333333333337,1,1.333333333333333,-75,Proportional,FALSE,top_100_by_abundance,ranked_top_N,100
Breviturma pica,3,0.5,0,0,NA,Proportional,FALSE,top_100_by_abundance,ranked_top_N,100
Breviturma pica,6,0.6666666666666666,0,0,NA,Above Expected,TRUE,top_100_by_abundance,ranked_top_N,100
Medaeus ornatus,3,0.16666666666666669,0,0.3333333333333332,-49.99999999999997,Proportional,FALSE,top_100_by_abundance,ranked_top_N,100
Medaeus ornatus,6,0.6666666666666666,1,0.6666666666666664,3.330669073875471e-14,Proportional,FALSE,top_100_by_abundance,ranked_top_N,100
Carinomitra saltata,3,0.5,0,0.16666666666666663,200.00000000000006,Proportional,FALSE,top_100_by_abundance,ranked_top_N,100
Carinomitra saltata,6,0.33333333333333337,0,0.33333333333333326,3.33066907387547e-14,Proportional,FALSE,top_100_by_abundance,ranked_top_N,100
Cyclodius nitidus,3,0.5,0,0,NA,Proportional,FALSE,top_100_by_abundance,ranked_top_N,100
Cyclodius nitidus,6,0.6666666666666666,0,0,NA,Above Expected,TRUE,top_100_by_abundance,ranked_top_N,100
Mastonia vulpina,3,0,0,0.33333333333333326,-100.00000000000001,Proportional,FALSE,top_100_by_abundance,ranked_top_N,100
Mastonia vulpina,6,1,0,0.6666666666666665,50.000000000000036,Proportional,FALSE,top_100_by_abundance,ranked_top_N,100
Phylladiorhynchus integrirostris,3,0.33333333333333337,0,0.33333333333333326,3.33066907387547e-14,Proportional,FALSE,top_100_by_abundance,ranked_top_N,100
Phylladiorhynchus integrirostris,6,0.33333333333333337,0,0.6666666666666665,-49.999999999999986,Proportional,FALSE,top_100_by_abundance,ranked_top_N,100
Trapezia punctimanus,3,0.16666666666666666,0,0.16666666666666663,1.665334536937735e-14,Proportional,FALSE,top_100_by_abundance,ranked_top_N,100
Trapezia punctimanus,6,1,0,0.33333333333333326,200.00000000000006,Proportional,FALSE,top_100_by_abundance,ranked_top_N,100
Chlorodiella laevissima,3,0,0,0,NA,Proportional,FALSE,top_100_by_abundance,ranked_top_N,100
Chlorodiella laevissima,6,1.3333333333333333,0,0,NA,Above Expected,TRUE,top_100_by_abundance,ranked_top_N,100
Trapezia areolata,3,0,0,0.16666666666666663,-100.00000000000001,Proportional,FALSE,top_100_by_abundance,ranked_top_N,100
Trapezia areolata,6,1,0,0.33333333333333326,200.00000000000006,Proportional,FALSE,top_100_by_abundance,ranked_top_N,100
Eratoena schmeltziana,3,0.5,0,0,NA,Proportional,FALSE,top_100_by_abundance,ranked_top_N,100
Eratoena schmeltziana,6,0.33333333333333337,0,0,NA,Proportional,FALSE,top_100_by_abundance,ranked_top_N,100
Monetaria obvelata,3,0.5,0,0.16666666666666663,200.00000000000006,Proportional,FALSE,top_100_by_abundance,ranked_top_N,100
Monetaria obvelata,6,0,0,0.33333333333333326,-100.00000000000001,Proportional,FALSE,top_100_by_abundance,ranked_top_N,100
Pomacentrus pavo,3,0,0,0,NA,Proportional,FALSE,top_100_by_abundance,ranked_top_N,100
Pomacentrus pavo,6,1.3333333333333333,0,0,NA,Proportional,FALSE,top_100_by_abundance,ranked_top_N,100
Harpiliopsis depressa,3,0.6666666666666667,0,0,NA,Proportional,FALSE,top_100_by_abundance,ranked_top_N,100
Harpiliopsis depressa,6,0,0,0,NA,Proportional,FALSE,top_100_by_abundance,ranked_top_N,100
Alpheus pachychirus,3,0,0,0.16666666666666663,-100.00000000000001,Proportional,FALSE,top_100_by_abundance,ranked_top_N,100
Alpheus pachychirus,6,0.6666666666666666,0,0.33333333333333326,100.00000000000003,Proportional,FALSE,top_100_by_abundance,ranked_top_N,100
Kermia maculosa,3,0,0,0.16666666666666663,-100.00000000000001,Proportional,FALSE,top_100_by_abundance,ranked_top_N,100
Kermia maculosa,6,0.6666666666666666,0,0.33333333333333326,100.00000000000003,Proportional,FALSE,top_100_by_abundance,ranked_top_N,100
Parelasmopus suensis,3,0.16666666666666666,0,0,NA,Proportional,FALSE,top_100_by_abundance,ranked_top_N,100
Parelasmopus suensis,6,0.6666666666666667,0,0,NA,Proportional,FALSE,top_100_by_abundance,ranked_top_N,100
Rissoina heronensis,3,0.33333333333333337,0,0,NA,Proportional,FALSE,top_100_by_abundance,ranked_top_N,100
Rissoina heronensis,6,0.33333333333333337,0,0,NA,Proportional,FALSE,top_100_by_abundance,ranked_top_N,100
Cerithium columna,3,0,0,0.5,-100,Proportional,FALSE,top_100_by_abundance,ranked_top_N,100
Cerithium columna,6,0,1,1,-100,Proportional,FALSE,top_100_by_abundance,ranked_top_N,100
Domecia glabra,3,0.5,0,0,NA,Proportional,FALSE,top_100_by_abundance,ranked_top_N,100
Domecia glabra,6,0,0,0,NA,Proportional,FALSE,top_100_by_abundance,ranked_top_N,100
Gobiodon unicolor,3,0,0,0.16666666666666663,-100.00000000000001,Proportional,FALSE,top_100_by_abundance,ranked_top_N,100
Gobiodon unicolor,6,0.6666666666666667,0,0.33333333333333326,100.00000000000007,Proportional,FALSE,top_100_by_abundance,ranked_top_N,100
Prodotia iostoma,3,0,0,0.33333333333333326,-100.00000000000001,Proportional,FALSE,top_100_by_abundance,ranked_top_N,100
Prodotia iostoma,6,0.33333333333333337,0,0.6666666666666665,-49.999999999999986,Proportional,FALSE,top_100_by_abundance,ranked_top_N,100
Thor amboinensis,3,0.33333333333333337,0,0.16666666666666663,100.00000000000007,Proportional,FALSE,top_100_by_abundance,ranked_top_N,100
Thor amboinensis,6,0,0,0.33333333333333326,-100.00000000000001,Proportional,FALSE,top_100_by_abundance,ranked_top_N,100
Ophiactis savignyi,3,0.5,0,0,NA,Proportional,FALSE,top_100_by_abundance,ranked_top_N,100
Ophiactis savignyi,6,0,0,0,NA,Proportional,FALSE,top_100_by_abundance,ranked_top_N,100
Alpheus paracrinitus,3,0,0,0.16666666666666663,-100.00000000000001,Proportional,FALSE,top_100_by_abundance,ranked_top_N,100
Alpheus paracrinitus,6,0.33333333333333337,0,0.33333333333333326,3.33066907387547e-14,Proportional,FALSE,top_100_by_abundance,ranked_top_N,100
Alpheus parvirostris,3,0.16666666666666666,0,0,NA,Proportional,FALSE,top_100_by_abundance,ranked_top_N,100
Alpheus parvirostris,6,0.33333333333333337,0,0,NA,Proportional,FALSE,top_100_by_abundance,ranked_top_N,100
Atys semistriatus,3,0.16666666666666666,0,0.16666666666666663,1.665334536937735e-14,Proportional,FALSE,top_100_by_abundance,ranked_top_N,100
Atys semistriatus,6,0,0,0.33333333333333326,-100.00000000000001,Proportional,FALSE,top_100_by_abundance,ranked_top_N,100
Haurakia marmorata,3,0.16666666666666669,0,0.16666666666666663,3.33066907387547e-14,Proportional,FALSE,top_100_by_abundance,ranked_top_N,100
Haurakia marmorata,6,0,0,0.33333333333333326,-100.00000000000001,Proportional,FALSE,top_100_by_abundance,ranked_top_N,100
Liomera bella,3,0.33333333333333337,0,0,NA,Proportional,FALSE,top_100_by_abundance,ranked_top_N,100
Liomera bella,6,0,0,0,NA,Proportional,FALSE,top_100_by_abundance,ranked_top_N,100
Morula uva,3,0,0,0,NA,Proportional,FALSE,top_100_by_abundance,ranked_top_N,100
Morula uva,6,0.6666666666666666,0,0,NA,Above Expected,TRUE,top_100_by_abundance,ranked_top_N,100
Neocirrhites armatus,3,0.16666666666666669,0,0,NA,Proportional,FALSE,top_100_by_abundance,ranked_top_N,100
Neocirrhites armatus,6,0.33333333333333337,0,0,NA,Proportional,FALSE,top_100_by_abundance,ranked_top_N,100
Paracirrhites arcatus,3,0,0,0,NA,Proportional,FALSE,top_100_by_abundance,ranked_top_N,100
Paracirrhites arcatus,6,0.6666666666666667,0,0,NA,Proportional,FALSE,top_100_by_abundance,ranked_top_N,100
Chlorocurtis jactans,3,0.33333333333333337,0,0,NA,Proportional,FALSE,top_100_by_abundance,ranked_top_N,100
Chlorocurtis jactans,6,0,0,0,NA,Proportional,FALSE,top_100_by_abundance,ranked_top_N,100
Chromis atripectoralis,3,0,0,0.33333333333333326,-100.00000000000001,Proportional,FALSE,top_100_by_abundance,ranked_top_N,100
Chromis atripectoralis,6,0,0,0.6666666666666665,-100.00000000000001,Proportional,FALSE,top_100_by_abundance,ranked_top_N,100
Purpuradusta fimbriata,3,0,0,0,NA,Proportional,FALSE,top_100_by_abundance,ranked_top_N,100
Purpuradusta fimbriata,6,0.6666666666666667,0,0,NA,Proportional,FALSE,top_100_by_abundance,ranked_top_N,100
Saron marmoratus,3,0.3333333333333333,0,0,NA,Proportional,FALSE,top_100_by_abundance,ranked_top_N,100
Saron marmoratus,6,0,0,0,NA,Proportional,FALSE,top_100_by_abundance,ranked_top_N,100
Alpheus clypeatus,3,0,0,0,NA,Proportional,FALSE,top_100_by_abundance,ranked_top_N,100
Alpheus clypeatus,6,0.33333333333333337,0,0,NA,Proportional,FALSE,top_100_by_abundance,ranked_top_N,100
Antennatus tuberosus,3,0.16666666666666669,0,0,NA,Proportional,FALSE,top_100_by_abundance,ranked_top_N,100
Antennatus tuberosus,6,0,0,0,NA,Proportional,FALSE,top_100_by_abundance,ranked_top_N,100
Astralium confragosum,3,0,0,0.16666666666666663,-100.00000000000001,Proportional,FALSE,top_100_by_abundance,ranked_top_N,100
Astralium confragosum,6,0,0,0.33333333333333326,-100.00000000000001,Proportional,FALSE,top_100_by_abundance,ranked_top_N,100
Bittium glareosum,3,0,0,0,NA,Proportional,FALSE,top_100_by_abundance,ranked_top_N,100
Bittium glareosum,6,0.33333333333333337,0,0,NA,Proportional,FALSE,top_100_by_abundance,ranked_top_N,100
Caducifer decapitatus,3,0,0,0,NA,Proportional,FALSE,top_100_by_abundance,ranked_top_N,100
Caducifer decapitatus,6,0.33333333333333337,0,0,NA,Proportional,FALSE,top_100_by_abundance,ranked_top_N,100
Calcinus nitidus,3,0.16666666666666669,0,0,NA,Proportional,FALSE,top_100_by_abundance,ranked_top_N,100
Calcinus nitidus,6,0,0,0,NA,Proportional,FALSE,top_100_by_abundance,ranked_top_N,100
Coriophora ustulata,3,0,0,0.16666666666666663,-100.00000000000001,Proportional,FALSE,top_100_by_abundance,ranked_top_N,100
Coriophora ustulata,6,0,0,0.33333333333333326,-100.00000000000001,Proportional,FALSE,top_100_by_abundance,ranked_top_N,100
Cyclodius ungulatus,3,0,0,0.16666666666666663,-100.00000000000001,Proportional,FALSE,top_100_by_abundance,ranked_top_N,100
Cyclodius ungulatus,6,0,0,0.33333333333333326,-100.00000000000001,Proportional,FALSE,top_100_by_abundance,ranked_top_N,100
Diadema savignyi,3,0.16666666666666666,0,0,NA,Proportional,FALSE,top_100_by_abundance,ranked_top_N,100
Diadema savignyi,6,0,0,0,NA,Proportional,FALSE,top_100_by_abundance,ranked_top_N,100
Domiporta filaris,3,0,0,0,NA,Proportional,FALSE,top_100_by_abundance,ranked_top_N,100
Domiporta filaris,6,0.33333333333333337,0,0,NA,Proportional,FALSE,top_100_by_abundance,ranked_top_N,100
Drupella margariticola,3,0,0,0.16666666666666663,-100.00000000000001,Proportional,FALSE,top_100_by_abundance,ranked_top_N,100
Drupella margariticola,6,0,0,0.33333333333333326,-100.00000000000001,Proportional,FALSE,top_100_by_abundance,ranked_top_N,100
Eucithara paucicostata,3,0,0,0,NA,Proportional,FALSE,top_100_by_abundance,ranked_top_N,100
Eucithara paucicostata,6,0.33333333333333337,0,0,NA,Proportional,FALSE,top_100_by_abundance,ranked_top_N,100
Galathea spinosorostris,3,0.16666666666666666,0,0,NA,Proportional,FALSE,top_100_by_abundance,ranked_top_N,100
Galathea spinosorostris,6,0,0,0,NA,Proportional,FALSE,top_100_by_abundance,ranked_top_N,100
Alpheus diadema,3,0.6666666666666667,1,0.8333333333333334,-19.999999999999996,Proportional,FALSE,main_38_10x10_corrected,reference_main,38
Alpheus diadema,6,3,1,1.6666666666666667,79.99999999999999,Proportional,FALSE,main_38_10x10_corrected,reference_main,38
Alpheus lottini,3,6.833333333333333,5,5.166666666666667,32.25806451612902,Proportional,FALSE,main_38_10x10_corrected,reference_main,38
Alpheus lottini,6,13,10,10.333333333333334,25.80645161290322,Proportional,FALSE,main_38_10x10_corrected,reference_main,38
Athanas djiboutensis,3,6.666666666666667,4,5.166666666666667,29.032258064516128,Proportional,FALSE,main_38_10x10_corrected,reference_main,38
Athanas djiboutensis,6,14.666666666666666,10,10.333333333333334,41.93548387096773,Proportional,FALSE,main_38_10x10_corrected,reference_main,38
Calcinus latens,3,16,9,9.833333333333332,62.711864406779675,Proportional,FALSE,main_38_10x10_corrected,reference_main,38
Calcinus latens,6,23,19,19.666666666666664,16.949152542372897,Proportional,FALSE,main_38_10x10_corrected,reference_main,38
Chlorodiella barbata,3,5.666666666666666,2,2.5,126.66666666666666,Proportional,FALSE,main_38_10x10_corrected,reference_main,38
Chlorodiella barbata,6,9,4,5,80,Proportional,FALSE,main_38_10x10_corrected,reference_main,38
Coralliogalathea humilis,3,2.333333333333333,0,0.8333333333333334,179.99999999999991,Proportional,FALSE,main_38_10x10_corrected,reference_main,38
Coralliogalathea humilis,6,1,1,1.6666666666666667,-40,Proportional,FALSE,main_38_10x10_corrected,reference_main,38
Fennera chacei,3,51.83333333333333,102,102.16666666666667,-49.265905383360526,Proportional,FALSE,main_38_10x10_corrected,reference_main,38
Fennera chacei,6,97.33333333333333,202,204.33333333333334,-52.365415986949436,Proportional,FALSE,main_38_10x10_corrected,reference_main,38
Galathea mauritiana,3,5.833333333333334,4,8.5,-31.37254901960784,Proportional,FALSE,main_38_10x10_corrected,reference_main,38
Galathea mauritiana,6,14.666666666666666,8,17,-13.725490196078436,Proportional,FALSE,main_38_10x10_corrected,reference_main,38
Hargeria rapax,3,3.166666666666667,4,3.4999999999999996,-9.523809523809504,Proportional,FALSE,main_38_10x10_corrected,reference_main,38
Hargeria rapax,6,9,7,6.999999999999999,28.571428571428587,Proportional,FALSE,main_38_10x10_corrected,reference_main,38
Harpiliopsis beaupresii,3,3,1,1.5,100,Proportional,FALSE,main_38_10x10_corrected,reference_main,38
Harpiliopsis beaupresii,6,0.33333333333333337,2,3,-88.88888888888887,Proportional,FALSE,main_38_10x10_corrected,reference_main,38
Harpiliopsis spinigera,3,16,16,16.5,-3.0303030303030303,Proportional,FALSE,main_38_10x10_corrected,reference_main,38
Harpiliopsis spinigera,6,23.666666666666668,32,33,-28.28282828282828,Proportional,FALSE,main_38_10x10_corrected,reference_main,38
Luniella pugil,3,2,2,2.833333333333333,-29.411764705882344,Proportional,FALSE,main_38_10x10_corrected,reference_main,38
Luniella pugil,6,7,5,5.666666666666666,23.5294117647059,Proportional,FALSE,main_38_10x10_corrected,reference_main,38
Menaethius monoceros,3,1.8333333333333333,1,1.666666666666667,9.999999999999975,Proportional,FALSE,main_38_10x10_corrected,reference_main,38
Menaethius monoceros,6,4.666666666666667,3,3.333333333333334,39.999999999999986,Proportional,FALSE,main_38_10x10_corrected,reference_main,38
Periclimenes watamuae,3,22.333333333333332,18,26.666666666666668,-16.25000000000001,Proportional,FALSE,main_38_10x10_corrected,reference_main,38
Periclimenes watamuae,6,11,47,53.333333333333336,-79.37500000000001,Proportional,FALSE,main_38_10x10_corrected,reference_main,38
Synalpheus charon,3,5.5,5,4.833333333333334,13.793103448275847,Proportional,FALSE,main_38_10x10_corrected,reference_main,38
Synalpheus charon,6,10,10,9.666666666666668,3.448275862068953,Proportional,FALSE,main_38_10x10_corrected,reference_main,38
Trapezia serenei,3,18.5,14,14,32.142857142857146,Proportional,FALSE,main_38_10x10_corrected,reference_main,38
Trapezia serenei,6,39.666666666666664,28,28,41.666666666666664,Proportional,FALSE,main_38_10x10_corrected,reference_main,38
Trapezia tigrina,3,0.6666666666666667,0,0.6666666666666665,3.33066907387547e-14,Proportional,FALSE,main_38_10x10_corrected,reference_main,38
Trapezia tigrina,6,2,1,1.333333333333333,50.000000000000036,Proportional,FALSE,main_38_10x10_corrected,reference_main,38
Xanthias lamarckii,3,1.1666666666666667,0,0.33333333333333326,250.00000000000009,Proportional,FALSE,main_38_10x10_corrected,reference_main,38
Xanthias lamarckii,6,3.3333333333333335,0,0.6666666666666665,400.0000000000001,Above Expected,TRUE,main_38_10x10_corrected,reference_main,38
Caracanthus maculatus,3,1.5,2,2.5,-40,Proportional,FALSE,main_38_10x10_corrected,reference_main,38
Caracanthus maculatus,6,1,5,5,-80,Proportional,FALSE,main_38_10x10_corrected,reference_main,38
Dascyllus aruanus,3,13,15,14.833333333333334,-12.359550561797757,Proportional,FALSE,main_38_10x10_corrected,reference_main,38
Dascyllus aruanus,6,10,30,29.666666666666668,-66.29213483146067,Below Expected,TRUE,main_38_10x10_corrected,reference_main,38
Dascyllus flavicaudus,3,5.666666666666667,7,7.333333333333334,-22.727272727272727,Proportional,FALSE,main_38_10x10_corrected,reference_main,38
Dascyllus flavicaudus,6,11.666666666666666,14,14.666666666666668,-20.454545454545464,Proportional,FALSE,main_38_10x10_corrected,reference_main,38
Halichoeres trimaculatus,3,1,1,1.3333333333333333,-24.999999999999996,Proportional,FALSE,main_38_10x10_corrected,reference_main,38
Halichoeres trimaculatus,6,1.3333333333333335,2,2.6666666666666665,-49.99999999999999,Proportional,FALSE,main_38_10x10_corrected,reference_main,38
Paragobiodon modestus,3,8.333333333333334,9,9.5,-12.280701754385959,Proportional,FALSE,main_38_10x10_corrected,reference_main,38
Paragobiodon modestus,6,16.333333333333332,19,19,-14.035087719298252,Proportional,FALSE,main_38_10x10_corrected,reference_main,38
Apataxia cerithiiformis,3,7.666666666666666,3,3,155.55555555555554,Proportional,FALSE,main_38_10x10_corrected,reference_main,38
Apataxia cerithiiformis,6,27,6,6,350,Proportional,FALSE,main_38_10x10_corrected,reference_main,38
Carinomitra typha,3,1.1666666666666667,0,0.9999999999999998,16.6666666666667,Proportional,FALSE,main_38_10x10_corrected,reference_main,38
Carinomitra typha,6,4,2,1.9999999999999996,100.00000000000006,Proportional,FALSE,main_38_10x10_corrected,reference_main,38
Cellana taitensis,3,0.8333333333333333,1,1.1666666666666667,-28.571428571428584,Proportional,FALSE,main_38_10x10_corrected,reference_main,38
Cellana taitensis,6,2,2,2.3333333333333335,-14.285714285714292,Proportional,FALSE,main_38_10x10_corrected,reference_main,38
Cerithium zebrum,3,5.833333333333333,3,3.666666666666667,59.090909090909065,Proportional,FALSE,main_38_10x10_corrected,reference_main,38
Cerithium zebrum,6,11.333333333333334,7,7.333333333333334,54.54545454545454,Proportional,FALSE,main_38_10x10_corrected,reference_main,38
Diala albugo,3,4.833333333333333,2,2.5,93.33333333333333,Proportional,FALSE,main_38_10x10_corrected,reference_main,38
Diala albugo,6,16,5,5,220,Proportional,FALSE,main_38_10x10_corrected,reference_main,38
Diala semistriata,3,2.333333333333333,2,2.5,-6.6666666666666785,Proportional,FALSE,main_38_10x10_corrected,reference_main,38
Diala semistriata,6,9.333333333333334,4,5,86.66666666666667,Proportional,FALSE,main_38_10x10_corrected,reference_main,38
Galeropsis monodonta,3,64,47,49,30.612244897959183,Proportional,FALSE,main_38_10x10_corrected,reference_main,38
Galeropsis monodonta,6,116.66666666666667,95,98,19.047619047619055,Proportional,FALSE,main_38_10x10_corrected,reference_main,38
Macteola interrupta,3,1,0,0.16666666666666663,500.00000000000017,Proportional,FALSE,main_38_10x10_corrected,reference_main,38
Macteola interrupta,6,2.3333333333333335,0,0.33333333333333326,600.0000000000001,Proportional,FALSE,main_38_10x10_corrected,reference_main,38
Mitrella moleculina,3,0.8333333333333333,0,0.33333333333333326,150.00000000000003,Proportional,FALSE,main_38_10x10_corrected,reference_main,38
Mitrella moleculina,6,10.666666666666666,1,0.6666666666666665,1500.0000000000002,Above Expected,TRUE,main_38_10x10_corrected,reference_main,38
Morula zebrina,3,0.6666666666666667,0,0.6666666666666666,1.6653345369377348e-14,Proportional,FALSE,main_38_10x10_corrected,reference_main,38
Morula zebrina,6,6,1,1.3333333333333333,350.00000000000006,Proportional,FALSE,main_38_10x10_corrected,reference_main,38
Pascula muricata,3,0.5,0,0.16666666666666663,200.00000000000006,Proportional,FALSE,main_38_10x10_corrected,reference_main,38
Pascula muricata,6,7,0,0.33333333333333326,2000.0000000000007,Proportional,FALSE,main_38_10x10_corrected,reference_main,38
Stomatolina rubra,3,1.6666666666666665,0,0.33333333333333326,400.00000000000006,Proportional,FALSE,main_38_10x10_corrected,reference_main,38
Stomatolina rubra,6,2.6666666666666665,1,0.6666666666666665,300.00000000000006,Proportional,FALSE,main_38_10x10_corrected,reference_main,38
Strigatella assimilis,3,1.1666666666666667,1,1.5,-22.222222222222218,Proportional,FALSE,main_38_10x10_corrected,reference_main,38
Strigatella assimilis,6,6.666666666666667,3,3,122.22222222222223,Proportional,FALSE,main_38_10x10_corrected,reference_main,38
Vexillum interruptum,3,0.8333333333333333,0,0.5,66.66666666666666,Proportional,FALSE,main_38_10x10_corrected,reference_main,38
Vexillum interruptum,6,1,1,1,0,Proportional,FALSE,main_38_10x10_corrected,reference_main,38
Zafra hahajimana,3,0,0,1.1666666666666665,-100,Proportional,FALSE,main_38_10x10_corrected,reference_main,38
Zafra hahajimana,6,4.333333333333333,2,2.333333333333333,85.71428571428572,Proportional,FALSE,main_38_10x10_corrected,reference_main,38
Fennera chacei,3,51.83333333333333,100,102.16666666666667,-49.265905383360526,Proportional,FALSE,all_observed_species,reference_full,118
Fennera chacei,6,97.33333333333333,204,204.33333333333334,-52.365415986949436,Proportional,FALSE,all_observed_species,reference_full,118
Galeropsis monodonta,3,64,47,49,30.612244897959183,Proportional,FALSE,all_observed_species,reference_full,118
Galeropsis monodonta,6,116.66666666666667,97,98,19.047619047619055,Proportional,FALSE,all_observed_species,reference_full,118
Periclimenes watamuae,3,22.333333333333332,19,26.666666666666668,-16.25000000000001,Proportional,FALSE,all_observed_species,reference_full,118
Periclimenes watamuae,6,11,46,53.333333333333336,-79.37500000000001,Proportional,FALSE,all_observed_species,reference_full,118
Trapezia serenei,3,18.5,14,14,32.142857142857146,Proportional,FALSE,all_observed_species,reference_full,118
Trapezia serenei,6,39.666666666666664,28,28,41.666666666666664,Proportional,FALSE,all_observed_species,reference_full,118
Harpiliopsis spinigera,3,16,15,16.5,-3.0303030303030303,Proportional,FALSE,all_observed_species,reference_full,118
Harpiliopsis spinigera,6,23.666666666666668,32,33,-28.28282828282828,Proportional,FALSE,all_observed_species,reference_full,118
Calcinus latens,3,16,9,9.833333333333332,62.711864406779675,Proportional,FALSE,all_observed_species,reference_full,118
Calcinus latens,6,23,19,19.666666666666664,16.949152542372897,Proportional,FALSE,all_observed_species,reference_full,118
Dascyllus aruanus,3,13,14,14.833333333333334,-12.359550561797757,Proportional,FALSE,all_observed_species,reference_full,118
Dascyllus aruanus,6,10,30,29.666666666666668,-66.29213483146067,Below Expected,TRUE,all_observed_species,reference_full,118
Paragobiodon modestus,3,8.333333333333334,9,9.5,-12.280701754385959,Proportional,FALSE,all_observed_species,reference_full,118
Paragobiodon modestus,6,16.333333333333332,19,19,-14.035087719298252,Proportional,FALSE,all_observed_species,reference_full,118
Apataxia cerithiiformis,3,7.666666666666666,3,3,155.55555555555554,Proportional,FALSE,all_observed_species,reference_full,118
Apataxia cerithiiformis,6,27,6,6,350,Proportional,FALSE,all_observed_species,reference_full,118
Galathea mauritiana,3,5.833333333333334,4,8.5,-31.37254901960784,Proportional,FALSE,all_observed_species,reference_full,118
Galathea mauritiana,6,14.666666666666666,9,17,-13.725490196078436,Proportional,FALSE,all_observed_species,reference_full,118
Athanas djiboutensis,3,6.666666666666667,3,5.166666666666667,29.032258064516128,Proportional,FALSE,all_observed_species,reference_full,118
Athanas djiboutensis,6,14.666666666666666,10,10.333333333333334,41.93548387096773,Proportional,FALSE,all_observed_species,reference_full,118
Dascyllus flavicaudus,3,5.666666666666667,7,7.333333333333334,-22.727272727272727,Proportional,FALSE,all_observed_species,reference_full,118
Dascyllus flavicaudus,6,11.666666666666666,14,14.666666666666668,-20.454545454545464,Proportional,FALSE,all_observed_species,reference_full,118
Alpheus lottini,3,6.833333333333333,5,5.166666666666667,32.25806451612902,Proportional,FALSE,all_observed_species,reference_full,118
Alpheus lottini,6,13,10,10.333333333333334,25.80645161290322,Proportional,FALSE,all_observed_species,reference_full,118
Synalpheus charon,3,5.5,5,4.833333333333334,13.793103448275847,Proportional,FALSE,all_observed_species,reference_full,118
Synalpheus charon,6,10,10,9.666666666666668,3.448275862068953,Proportional,FALSE,all_observed_species,reference_full,118
Diala albugo,3,4.833333333333333,2,2.5,93.33333333333333,Proportional,FALSE,all_observed_species,reference_full,118
Diala albugo,6,16,5,5,220,Proportional,FALSE,all_observed_species,reference_full,118
Cerithium zebrum,3,5.833333333333333,3,3.666666666666667,59.090909090909065,Proportional,FALSE,all_observed_species,reference_full,118
Cerithium zebrum,6,11.333333333333334,7,7.333333333333334,54.54545454545454,Proportional,FALSE,all_observed_species,reference_full,118
Chlorodiella barbata,3,5.666666666666666,2,2.5,126.66666666666666,Proportional,FALSE,all_observed_species,reference_full,118
Chlorodiella barbata,6,9,4,5,80,Proportional,FALSE,all_observed_species,reference_full,118
Hargeria rapax,3,3.166666666666667,4,3.4999999999999996,-9.523809523809504,Proportional,FALSE,all_observed_species,reference_full,118
Hargeria rapax,6,9,7,6.999999999999999,28.571428571428587,Proportional,FALSE,all_observed_species,reference_full,118
Diala semistriata,3,2.333333333333333,2,2.5,-6.6666666666666785,Proportional,FALSE,all_observed_species,reference_full,118
Diala semistriata,6,9.333333333333334,5,5,86.66666666666667,Proportional,FALSE,all_observed_species,reference_full,118
Luniella pugil,3,2,2,2.833333333333333,-29.411764705882344,Proportional,FALSE,all_observed_species,reference_full,118
Luniella pugil,6,7,5,5.666666666666666,23.5294117647059,Proportional,FALSE,all_observed_species,reference_full,118
Mitrella moleculina,3,0.8333333333333333,0,0.33333333333333326,150.00000000000003,Proportional,FALSE,all_observed_species,reference_full,118
Mitrella moleculina,6,10.666666666666666,1,0.6666666666666665,1500.0000000000002,Above Expected,TRUE,all_observed_species,reference_full,118
Strigatella assimilis,3,1.1666666666666667,1,1.5,-22.222222222222218,Proportional,FALSE,all_observed_species,reference_full,118
Strigatella assimilis,6,6.666666666666667,3,3,122.22222222222223,Proportional,FALSE,all_observed_species,reference_full,118
Menaethius monoceros,3,1.8333333333333333,1,1.666666666666667,9.999999999999975,Proportional,FALSE,all_observed_species,reference_full,118
Menaethius monoceros,6,4.666666666666667,3,3.333333333333334,39.999999999999986,Proportional,FALSE,all_observed_species,reference_full,118
Harpiliopsis beaupresii,3,3,1,1.5,100,Proportional,FALSE,all_observed_species,reference_full,118
Harpiliopsis beaupresii,6,0.33333333333333337,2,3,-88.88888888888887,Proportional,FALSE,all_observed_species,reference_full,118
Caracanthus maculatus,3,1.5,2,2.5,-40,Proportional,FALSE,all_observed_species,reference_full,118
Caracanthus maculatus,6,1,5,5,-80,Proportional,FALSE,all_observed_species,reference_full,118
Morula zebrina,3,0.6666666666666667,0,0.6666666666666666,1.6653345369377348e-14,Proportional,FALSE,all_observed_species,reference_full,118
Morula zebrina,6,6,1,1.3333333333333333,350.00000000000006,Proportional,FALSE,all_observed_species,reference_full,118
Carinomitra typha,3,1.1666666666666667,0,0.9999999999999998,16.6666666666667,Proportional,FALSE,all_observed_species,reference_full,118
Carinomitra typha,6,4,2,1.9999999999999996,100.00000000000006,Proportional,FALSE,all_observed_species,reference_full,118
Pascula muricata,3,0.5,0,0.16666666666666663,200.00000000000006,Proportional,FALSE,all_observed_species,reference_full,118
Pascula muricata,6,7,0,0.33333333333333326,2000.0000000000007,Proportional,FALSE,all_observed_species,reference_full,118
Coralliogalathea humilis,3,2.333333333333333,0,0.8333333333333334,179.99999999999991,Proportional,FALSE,all_observed_species,reference_full,118
Coralliogalathea humilis,6,1,1,1.6666666666666667,-40,Proportional,FALSE,all_observed_species,reference_full,118
Stomatolina rubra,3,1.6666666666666665,0,0.33333333333333326,400.00000000000006,Proportional,FALSE,all_observed_species,reference_full,118
Stomatolina rubra,6,2.6666666666666665,0,0.6666666666666665,300.00000000000006,Proportional,FALSE,all_observed_species,reference_full,118
Zafra hahajimana,3,0,0,1.1666666666666665,-100,Proportional,FALSE,all_observed_species,reference_full,118
Zafra hahajimana,6,4.333333333333333,2,2.333333333333333,85.71428571428572,Proportional,FALSE,all_observed_species,reference_full,118
Xanthias lamarckii,3,1.1666666666666667,0,0.33333333333333326,250.00000000000009,Proportional,FALSE,all_observed_species,reference_full,118
Xanthias lamarckii,6,3.3333333333333335,1,0.6666666666666665,400.0000000000001,Above Expected,TRUE,all_observed_species,reference_full,118
Cellana taitensis,3,0.8333333333333333,1,1.1666666666666667,-28.571428571428584,Proportional,FALSE,all_observed_species,reference_full,118
Cellana taitensis,6,2,2,2.3333333333333335,-14.285714285714292,Proportional,FALSE,all_observed_species,reference_full,118
Halichoeres trimaculatus,3,1,1,1.3333333333333333,-24.999999999999996,Proportional,FALSE,all_observed_species,reference_full,118
Halichoeres trimaculatus,6,1.3333333333333335,2,2.6666666666666665,-49.99999999999999,Proportional,FALSE,all_observed_species,reference_full,118
Alpheus diadema,3,0.6666666666666667,1,0.8333333333333334,-19.999999999999996,Proportional,FALSE,all_observed_species,reference_full,118
Alpheus diadema,6,3,1,1.6666666666666667,79.99999999999999,Proportional,FALSE,all_observed_species,reference_full,118
Macteola interrupta,3,1,0,0.16666666666666663,500.00000000000017,Proportional,FALSE,all_observed_species,reference_full,118
Macteola interrupta,6,2.3333333333333335,0,0.33333333333333326,600.0000000000001,Proportional,FALSE,all_observed_species,reference_full,118
Trapezia tigrina,3,0.6666666666666667,0,0.6666666666666665,3.33066907387547e-14,Proportional,FALSE,all_observed_species,reference_full,118
Trapezia tigrina,6,2,1,1.333333333333333,50.000000000000036,Proportional,FALSE,all_observed_species,reference_full,118
Lucilina pacifica,3,0.6666666666666667,0,0.6666666666666665,3.33066907387547e-14,Proportional,FALSE,all_observed_species,reference_full,118
Lucilina pacifica,6,1.6666666666666665,1,1.333333333333333,25.000000000000018,Proportional,FALSE,all_observed_species,reference_full,118
Trapezia guttata,3,1,0,0.33333333333333326,200.00000000000006,Proportional,FALSE,all_observed_species,reference_full,118
Trapezia guttata,6,1.3333333333333333,0,0.6666666666666665,100.00000000000003,Proportional,FALSE,all_observed_species,reference_full,118
Vexillum interruptum,3,0.8333333333333333,0,0.5,66.66666666666666,Proportional,FALSE,all_observed_species,reference_full,118
Vexillum interruptum,6,1,1,1,0,Proportional,FALSE,all_observed_species,reference_full,118
Euplica varians,3,0.5,0,0.33333333333333326,50.000000000000036,Proportional,FALSE,all_observed_species,reference_full,118
Euplica varians,6,2,0,0.6666666666666665,200.00000000000006,Proportional,FALSE,all_observed_species,reference_full,118
Echinometra mathaei,3,0.6666666666666666,0,0.5,33.33333333333333,Proportional,FALSE,all_observed_species,reference_full,118
Echinometra mathaei,6,0.6666666666666667,1,1,-33.33333333333333,Proportional,FALSE,all_observed_species,reference_full,118
Paragobiodon lacunicolus,3,0.3333333333333333,0,0.33333333333333326,1.665334536937735e-14,Proportional,FALSE,all_observed_species,reference_full,118
Paragobiodon lacunicolus,6,1.6666666666666667,1,0.6666666666666665,150.00000000000009,Proportional,FALSE,all_observed_species,reference_full,118
Stomatella auricula,3,0.5,0,0,NA,Proportional,FALSE,all_observed_species,reference_full,118
Stomatella auricula,6,2,0,0,NA,Proportional,FALSE,all_observed_species,reference_full,118
Cystiscus garretti,3,0.5,0,0.1666666666666666,200.00000000000009,Proportional,FALSE,all_observed_species,reference_full,118
Cystiscus garretti,6,1.3333333333333333,0,0.3333333333333332,300.0000000000001,Proportional,FALSE,all_observed_species,reference_full,118
Thinora maldivensis,3,0,0,1,-100,Proportional,FALSE,all_observed_species,reference_full,118
Thinora maldivensis,6,0.6666666666666667,1,2,-66.66666666666666,Proportional,FALSE,all_observed_species,reference_full,118
Arete indicus,3,0.6666666666666666,0,0.6666666666666665,1.665334536937735e-14,Proportional,FALSE,all_observed_species,reference_full,118
Arete indicus,6,0,1,1.333333333333333,-100.00000000000001,Proportional,FALSE,all_observed_species,reference_full,118
Alpheus dolerus,3,0,0,0.33333333333333326,-100.00000000000001,Proportional,FALSE,all_observed_species,reference_full,118
Alpheus dolerus,6,1.6666666666666667,1,0.6666666666666665,150.00000000000009,Proportional,FALSE,all_observed_species,reference_full,118
Breviturma dentata,3,0.5,0,0.5,0,Proportional,FALSE,all_observed_species,reference_full,118
Breviturma dentata,6,0.33333333333333337,1,1,-66.66666666666666,Proportional,FALSE,all_observed_species,reference_full,118
Trapezia bidentata,3,0.16666666666666669,1,0.8333333333333334,-80,Proportional,FALSE,all_observed_species,reference_full,118
Trapezia bidentata,6,0.33333333333333337,1,1.6666666666666667,-80,Proportional,FALSE,all_observed_species,reference_full,118
Cerithium punctatum,3,0.16666666666666669,0,0.16666666666666663,3.33066907387547e-14,Proportional,FALSE,all_observed_species,reference_full,118
Cerithium punctatum,6,1.3333333333333333,0,0.33333333333333326,300.00000000000006,Proportional,FALSE,all_observed_species,reference_full,118
Thalamita coeruleipes,3,0.16666666666666669,0,0.6666666666666665,-75,Proportional,FALSE,all_observed_species,reference_full,118
Thalamita coeruleipes,6,0.33333333333333337,1,1.333333333333333,-75,Proportional,FALSE,all_observed_species,reference_full,118
Breviturma pica,3,0.5,0,0,NA,Proportional,FALSE,all_observed_species,reference_full,118
Breviturma pica,6,0.6666666666666666,0,0,NA,Above Expected,TRUE,all_observed_species,reference_full,118
Medaeus ornatus,3,0.16666666666666669,0,0.3333333333333332,-49.99999999999997,Proportional,FALSE,all_observed_species,reference_full,118
Medaeus ornatus,6,0.6666666666666666,1,0.6666666666666664,3.330669073875471e-14,Proportional,FALSE,all_observed_species,reference_full,118
Carinomitra saltata,3,0.5,0,0.16666666666666663,200.00000000000006,Proportional,FALSE,all_observed_species,reference_full,118
Carinomitra saltata,6,0.33333333333333337,0,0.33333333333333326,3.33066907387547e-14,Proportional,FALSE,all_observed_species,reference_full,118
Cyclodius nitidus,3,0.5,0,0,NA,Proportional,FALSE,all_observed_species,reference_full,118
Cyclodius nitidus,6,0.6666666666666666,0,0,NA,Above Expected,TRUE,all_observed_species,reference_full,118
Mastonia vulpina,3,0,0,0.33333333333333326,-100.00000000000001,Proportional,FALSE,all_observed_species,reference_full,118
Mastonia vulpina,6,1,0,0.6666666666666665,50.000000000000036,Proportional,FALSE,all_observed_species,reference_full,118
Phylladiorhynchus integrirostris,3,0.33333333333333337,0,0.33333333333333326,3.33066907387547e-14,Proportional,FALSE,all_observed_species,reference_full,118
Phylladiorhynchus integrirostris,6,0.33333333333333337,0,0.6666666666666665,-49.999999999999986,Proportional,FALSE,all_observed_species,reference_full,118
Trapezia punctimanus,3,0.16666666666666666,0,0.16666666666666663,1.665334536937735e-14,Proportional,FALSE,all_observed_species,reference_full,118
Trapezia punctimanus,6,1,0,0.33333333333333326,200.00000000000006,Proportional,FALSE,all_observed_species,reference_full,118
Chlorodiella laevissima,3,0,0,0,NA,Proportional,FALSE,all_observed_species,reference_full,118
Chlorodiella laevissima,6,1.3333333333333333,0,0,NA,Above Expected,TRUE,all_observed_species,reference_full,118
Trapezia areolata,3,0,0,0.16666666666666663,-100.00000000000001,Proportional,FALSE,all_observed_species,reference_full,118
Trapezia areolata,6,1,0,0.33333333333333326,200.00000000000006,Proportional,FALSE,all_observed_species,reference_full,118
Eratoena schmeltziana,3,0.5,0,0,NA,Proportional,FALSE,all_observed_species,reference_full,118
Eratoena schmeltziana,6,0.33333333333333337,0,0,NA,Proportional,FALSE,all_observed_species,reference_full,118
Monetaria obvelata,3,0.5,0,0.16666666666666663,200.00000000000006,Proportional,FALSE,all_observed_species,reference_full,118
Monetaria obvelata,6,0,0,0.33333333333333326,-100.00000000000001,Proportional,FALSE,all_observed_species,reference_full,118
Pomacentrus pavo,3,0,0,0,NA,Proportional,FALSE,all_observed_species,reference_full,118
Pomacentrus pavo,6,1.3333333333333333,0,0,NA,Proportional,FALSE,all_observed_species,reference_full,118
Harpiliopsis depressa,3,0.6666666666666667,0,0,NA,Proportional,FALSE,all_observed_species,reference_full,118
Harpiliopsis depressa,6,0,0,0,NA,Proportional,FALSE,all_observed_species,reference_full,118
Alpheus pachychirus,3,0,0,0.16666666666666663,-100.00000000000001,Proportional,FALSE,all_observed_species,reference_full,118
Alpheus pachychirus,6,0.6666666666666666,0,0.33333333333333326,100.00000000000003,Proportional,FALSE,all_observed_species,reference_full,118
Kermia maculosa,3,0,0,0.16666666666666663,-100.00000000000001,Proportional,FALSE,all_observed_species,reference_full,118
Kermia maculosa,6,0.6666666666666666,0,0.33333333333333326,100.00000000000003,Proportional,FALSE,all_observed_species,reference_full,118
Parelasmopus suensis,3,0.16666666666666666,0,0,NA,Proportional,FALSE,all_observed_species,reference_full,118
Parelasmopus suensis,6,0.6666666666666667,0,0,NA,Proportional,FALSE,all_observed_species,reference_full,118
Rissoina heronensis,3,0.33333333333333337,0,0,NA,Proportional,FALSE,all_observed_species,reference_full,118
Rissoina heronensis,6,0.33333333333333337,0,0,NA,Proportional,FALSE,all_observed_species,reference_full,118
Cerithium columna,3,0,0,0.5,-100,Proportional,FALSE,all_observed_species,reference_full,118
Cerithium columna,6,0,1,1,-100,Proportional,FALSE,all_observed_species,reference_full,118
Domecia glabra,3,0.5,0,0,NA,Proportional,FALSE,all_observed_species,reference_full,118
Domecia glabra,6,0,0,0,NA,Proportional,FALSE,all_observed_species,reference_full,118
Gobiodon unicolor,3,0,0,0.16666666666666663,-100.00000000000001,Proportional,FALSE,all_observed_species,reference_full,118
Gobiodon unicolor,6,0.6666666666666667,0,0.33333333333333326,100.00000000000007,Proportional,FALSE,all_observed_species,reference_full,118
Prodotia iostoma,3,0,0,0.33333333333333326,-100.00000000000001,Proportional,FALSE,all_observed_species,reference_full,118
Prodotia iostoma,6,0.33333333333333337,0,0.6666666666666665,-49.999999999999986,Proportional,FALSE,all_observed_species,reference_full,118
Thor amboinensis,3,0.33333333333333337,0,0.16666666666666663,100.00000000000007,Proportional,FALSE,all_observed_species,reference_full,118
Thor amboinensis,6,0,0,0.33333333333333326,-100.00000000000001,Proportional,FALSE,all_observed_species,reference_full,118
Ophiactis savignyi,3,0.5,0,0,NA,Proportional,FALSE,all_observed_species,reference_full,118
Ophiactis savignyi,6,0,0,0,NA,Proportional,FALSE,all_observed_species,reference_full,118
Alpheus paracrinitus,3,0,0,0.16666666666666663,-100.00000000000001,Proportional,FALSE,all_observed_species,reference_full,118
Alpheus paracrinitus,6,0.33333333333333337,0,0.33333333333333326,3.33066907387547e-14,Proportional,FALSE,all_observed_species,reference_full,118
Alpheus parvirostris,3,0.16666666666666666,0,0,NA,Proportional,FALSE,all_observed_species,reference_full,118
Alpheus parvirostris,6,0.33333333333333337,0,0,NA,Proportional,FALSE,all_observed_species,reference_full,118
Atys semistriatus,3,0.16666666666666666,0,0.16666666666666663,1.665334536937735e-14,Proportional,FALSE,all_observed_species,reference_full,118
Atys semistriatus,6,0,0,0.33333333333333326,-100.00000000000001,Proportional,FALSE,all_observed_species,reference_full,118
Haurakia marmorata,3,0.16666666666666669,0,0.16666666666666663,3.33066907387547e-14,Proportional,FALSE,all_observed_species,reference_full,118
Haurakia marmorata,6,0,0,0.33333333333333326,-100.00000000000001,Proportional,FALSE,all_observed_species,reference_full,118
Liomera bella,3,0.33333333333333337,0,0,NA,Proportional,FALSE,all_observed_species,reference_full,118
Liomera bella,6,0,0,0,NA,Proportional,FALSE,all_observed_species,reference_full,118
Morula uva,3,0,0,0,NA,Proportional,FALSE,all_observed_species,reference_full,118
Morula uva,6,0.6666666666666666,0,0,NA,Above Expected,TRUE,all_observed_species,reference_full,118
Neocirrhites armatus,3,0.16666666666666669,0,0,NA,Proportional,FALSE,all_observed_species,reference_full,118
Neocirrhites armatus,6,0.33333333333333337,0,0,NA,Proportional,FALSE,all_observed_species,reference_full,118
Paracirrhites arcatus,3,0,0,0,NA,Proportional,FALSE,all_observed_species,reference_full,118
Paracirrhites arcatus,6,0.6666666666666667,0,0,NA,Proportional,FALSE,all_observed_species,reference_full,118
Chlorocurtis jactans,3,0.33333333333333337,0,0,NA,Proportional,FALSE,all_observed_species,reference_full,118
Chlorocurtis jactans,6,0,0,0,NA,Proportional,FALSE,all_observed_species,reference_full,118
Chromis atripectoralis,3,0,0,0.33333333333333326,-100.00000000000001,Proportional,FALSE,all_observed_species,reference_full,118
Chromis atripectoralis,6,0,0,0.6666666666666665,-100.00000000000001,Proportional,FALSE,all_observed_species,reference_full,118
Purpuradusta fimbriata,3,0,0,0,NA,Proportional,FALSE,all_observed_species,reference_full,118
Purpuradusta fimbriata,6,0.6666666666666667,0,0,NA,Proportional,FALSE,all_observed_species,reference_full,118
Saron marmoratus,3,0.3333333333333333,0,0,NA,Proportional,FALSE,all_observed_species,reference_full,118
Saron marmoratus,6,0,0,0,NA,Proportional,FALSE,all_observed_species,reference_full,118
Alpheus clypeatus,3,0,0,0,NA,Proportional,FALSE,all_observed_species,reference_full,118
Alpheus clypeatus,6,0.33333333333333337,0,0,NA,Proportional,FALSE,all_observed_species,reference_full,118
Antennatus tuberosus,3,0.16666666666666669,0,0,NA,Proportional,FALSE,all_observed_species,reference_full,118
Antennatus tuberosus,6,0,0,0,NA,Proportional,FALSE,all_observed_species,reference_full,118
Astralium confragosum,3,0,0,0.16666666666666663,-100.00000000000001,Proportional,FALSE,all_observed_species,reference_full,118
Astralium confragosum,6,0,0,0.33333333333333326,-100.00000000000001,Proportional,FALSE,all_observed_species,reference_full,118
Bittium glareosum,3,0,0,0,NA,Proportional,FALSE,all_observed_species,reference_full,118
Bittium glareosum,6,0.33333333333333337,0,0,NA,Proportional,FALSE,all_observed_species,reference_full,118
Caducifer decapitatus,3,0,0,0,NA,Proportional,FALSE,all_observed_species,reference_full,118
Caducifer decapitatus,6,0.33333333333333337,0,0,NA,Proportional,FALSE,all_observed_species,reference_full,118
Calcinus nitidus,3,0.16666666666666669,0,0,NA,Proportional,FALSE,all_observed_species,reference_full,118
Calcinus nitidus,6,0,0,0,NA,Proportional,FALSE,all_observed_species,reference_full,118
Coriophora ustulata,3,0,0,0.16666666666666663,-100.00000000000001,Proportional,FALSE,all_observed_species,reference_full,118
Coriophora ustulata,6,0,0,0.33333333333333326,-100.00000000000001,Proportional,FALSE,all_observed_species,reference_full,118
Cyclodius ungulatus,3,0,0,0.16666666666666663,-100.00000000000001,Proportional,FALSE,all_observed_species,reference_full,118
Cyclodius ungulatus,6,0,0,0.33333333333333326,-100.00000000000001,Proportional,FALSE,all_observed_species,reference_full,118
Diadema savignyi,3,0.16666666666666666,0,0,NA,Proportional,FALSE,all_observed_species,reference_full,118
Diadema savignyi,6,0,0,0,NA,Proportional,FALSE,all_observed_species,reference_full,118
Domiporta filaris,3,0,0,0,NA,Proportional,FALSE,all_observed_species,reference_full,118
Domiporta filaris,6,0.33333333333333337,0,0,NA,Proportional,FALSE,all_observed_species,reference_full,118
Drupella margariticola,3,0,0,0.16666666666666663,-100.00000000000001,Proportional,FALSE,all_observed_species,reference_full,118
Drupella margariticola,6,0,0,0.33333333333333326,-100.00000000000001,Proportional,FALSE,all_observed_species,reference_full,118
Eucithara paucicostata,3,0,0,0,NA,Proportional,FALSE,all_observed_species,reference_full,118
Eucithara paucicostata,6,0.33333333333333337,0,0,NA,Proportional,FALSE,all_observed_species,reference_full,118
Galathea spinosorostris,3,0.16666666666666666,0,0,NA,Proportional,FALSE,all_observed_species,reference_full,118
Galathea spinosorostris,6,0,0,0,NA,Proportional,FALSE,all_observed_species,reference_full,118
Graphicomassa margarita,3,0,0,0,NA,Proportional,FALSE,all_observed_species,reference_full,118
Graphicomassa margarita,6,0.33333333333333337,0,0,NA,Proportional,FALSE,all_observed_species,reference_full,118
Lienardia fallax,3,0,0,0.16666666666666663,-100.00000000000001,Proportional,FALSE,all_observed_species,reference_full,118
Lienardia fallax,6,0,0,0.33333333333333326,-100.00000000000001,Proportional,FALSE,all_observed_species,reference_full,118
Ophiocoma schoenleinii,3,0.16666666666666669,0,0,NA,Proportional,FALSE,all_observed_species,reference_full,118
Ophiocoma schoenleinii,6,0,0,0,NA,Proportional,FALSE,all_observed_species,reference_full,118
Ophiocomella sexradia,3,0.16666666666666666,0,0,NA,Proportional,FALSE,all_observed_species,reference_full,118
Ophiocomella sexradia,6,0,0,0,NA,Proportional,FALSE,all_observed_species,reference_full,118
Ophiolepis cincta,3,0,0,0,NA,Proportional,FALSE,all_observed_species,reference_full,118
Ophiolepis cincta,6,0.33333333333333337,0,0,NA,Proportional,FALSE,all_observed_species,reference_full,118
Ophiomastix elegans,3,0,0,0,NA,Proportional,FALSE,all_observed_species,reference_full,118
Ophiomastix elegans,6,0.33333333333333337,0,0,NA,Proportional,FALSE,all_observed_species,reference_full,118
Peristernia nassatula,3,0,0,0,NA,Proportional,FALSE,all_observed_species,reference_full,118
Peristernia nassatula,6,0.33333333333333337,0,0,NA,Proportional,FALSE,all_observed_species,reference_full,118
Pseudocheilinus hexataenia,3,0.16666666666666669,0,0,NA,Proportional,FALSE,all_observed_species,reference_full,118
Pseudocheilinus hexataenia,6,0,0,0,NA,Proportional,FALSE,all_observed_species,reference_full,118
Quadrimaera quadrimana,3,0,0,0.16666666666666663,-100.00000000000001,Proportional,FALSE,all_observed_species,reference_full,118
Quadrimaera quadrimana,6,0,0,0.33333333333333326,-100.00000000000001,Proportional,FALSE,all_observed_species,reference_full,118
Scabricola olivaeformis,3,0,0,0.16666666666666663,-100.00000000000001,Proportional,FALSE,all_observed_species,reference_full,118
Scabricola olivaeformis,6,0,0,0.33333333333333326,-100.00000000000001,Proportional,FALSE,all_observed_species,reference_full,118
Stegastes nigricans,3,0,0,0.1666666666666666,-100,Proportional,FALSE,all_observed_species,reference_full,118
Stegastes nigricans,6,0,0,0.3333333333333332,-100,Proportional,FALSE,all_observed_species,reference_full,118
Tetralia ocucaerulea,3,0,0,0,NA,Proportional,FALSE,all_observed_species,reference_full,118
Tetralia ocucaerulea,6,0.33333333333333337,0,0,NA,Proportional,FALSE,all_observed_species,reference_full,118
Thalamita admete,3,0.16666666666666669,0,0,NA,Proportional,FALSE,all_observed_species,reference_full,118
Thalamita admete,6,0,0,0,NA,Proportional,FALSE,all_observed_species,reference_full,118
Trapezia bella,3,0,0,0,NA,Proportional,FALSE,all_observed_species,reference_full,118
Trapezia bella,6,0.33333333333333337,0,0,NA,Proportional,FALSE,all_observed_species,reference_full,118
Trapezia speciosa,3,0.16666666666666669,0,0,NA,Proportional,FALSE,all_observed_species,reference_full,118
Trapezia speciosa,6,0,0,0,NA,Proportional,FALSE,all_observed_species,reference_full,118
Vexillum aureolatum,3,0,0,0.16666666666666663,-100.00000000000001,Proportional,FALSE,all_observed_species,reference_full,118
Vexillum aureolatum,6,0,0,0.33333333333333326,-100.00000000000001,Proportional,FALSE,all_observed_species,reference_full,118
Vexillum roseum,3,0,0,0,NA,Proportional,FALSE,all_observed_species,reference_full,118
Vexillum roseum,6,0.33333333333333337,0,0,NA,Proportional,FALSE,all_observed_species,reference_full,118
Vexillum tusum,3,0,0,0,NA,Proportional,FALSE,all_observed_species,reference_full,118
Vexillum tusum,6,0.33333333333333337,0,0,NA,Proportional,FALSE,all_observed_species,reference_full,118
Fennera chacei,3,51.83333333333333,100,102.16666666666667,-49.265905383360526,Proportional,FALSE,obligate_plus_damselfish,functional_subset,27
Fennera chacei,6,97.33333333333333,204,204.33333333333334,-52.365415986949436,Proportional,FALSE,obligate_plus_damselfish,functional_subset,27
Periclimenes watamuae,3,22.333333333333332,20,26.666666666666668,-16.25000000000001,Proportional,FALSE,obligate_plus_damselfish,functional_subset,27
Periclimenes watamuae,6,11,47,53.333333333333336,-79.37500000000001,Proportional,FALSE,obligate_plus_damselfish,functional_subset,27
Trapezia serenei,3,18.5,14,14,32.142857142857146,Proportional,FALSE,obligate_plus_damselfish,functional_subset,27
Trapezia serenei,6,39.666666666666664,28,28,41.666666666666664,Proportional,FALSE,obligate_plus_damselfish,functional_subset,27
Harpiliopsis spinigera,3,16,16,16.5,-3.0303030303030303,Proportional,FALSE,obligate_plus_damselfish,functional_subset,27
Harpiliopsis spinigera,6,23.666666666666668,32,33,-28.28282828282828,Proportional,FALSE,obligate_plus_damselfish,functional_subset,27
Paragobiodon modestus,3,8.333333333333334,10,9.5,-12.280701754385959,Proportional,FALSE,obligate_plus_damselfish,functional_subset,27
Paragobiodon modestus,6,16.333333333333332,19,19,-14.035087719298252,Proportional,FALSE,obligate_plus_damselfish,functional_subset,27
Alpheus lottini,3,6.833333333333333,5,5.166666666666667,32.25806451612902,Proportional,FALSE,obligate_plus_damselfish,functional_subset,27
Alpheus lottini,6,13,10,10.333333333333334,25.80645161290322,Proportional,FALSE,obligate_plus_damselfish,functional_subset,27
Synalpheus charon,3,5.5,5,4.833333333333334,13.793103448275847,Proportional,FALSE,obligate_plus_damselfish,functional_subset,27
Synalpheus charon,6,10,10,9.666666666666668,3.448275862068953,Proportional,FALSE,obligate_plus_damselfish,functional_subset,27
Harpiliopsis beaupresii,3,3,1,1.5,100,Proportional,FALSE,obligate_plus_damselfish,functional_subset,27
Harpiliopsis beaupresii,6,0.33333333333333337,2,3,-88.88888888888887,Proportional,FALSE,obligate_plus_damselfish,functional_subset,27
Caracanthus maculatus,3,1.5,2,2.5,-40,Proportional,FALSE,obligate_plus_damselfish,functional_subset,27
Caracanthus maculatus,6,1,5,5,-80,Proportional,FALSE,obligate_plus_damselfish,functional_subset,27
Coralliogalathea humilis,3,2.333333333333333,0,0.8333333333333334,179.99999999999991,Proportional,FALSE,obligate_plus_damselfish,functional_subset,27
Coralliogalathea humilis,6,1,1,1.6666666666666667,-40,Proportional,FALSE,obligate_plus_damselfish,functional_subset,27
Alpheus diadema,3,0.6666666666666667,1,0.8333333333333334,-19.999999999999996,Proportional,FALSE,obligate_plus_damselfish,functional_subset,27
Alpheus diadema,6,3,1,1.6666666666666667,79.99999999999999,Proportional,FALSE,obligate_plus_damselfish,functional_subset,27
Trapezia tigrina,3,0.6666666666666667,0,0.6666666666666665,3.33066907387547e-14,Proportional,FALSE,obligate_plus_damselfish,functional_subset,27
Trapezia tigrina,6,2,1,1.333333333333333,50.000000000000036,Proportional,FALSE,obligate_plus_damselfish,functional_subset,27
Trapezia guttata,3,1,0,0.33333333333333326,200.00000000000006,Proportional,FALSE,obligate_plus_damselfish,functional_subset,27
Trapezia guttata,6,1.3333333333333333,0,0.6666666666666665,100.00000000000003,Proportional,FALSE,obligate_plus_damselfish,functional_subset,27
Paragobiodon lacunicolus,3,0.3333333333333333,0,0.33333333333333326,1.665334536937735e-14,Proportional,FALSE,obligate_plus_damselfish,functional_subset,27
Paragobiodon lacunicolus,6,1.6666666666666667,1,0.6666666666666665,150.00000000000009,Proportional,FALSE,obligate_plus_damselfish,functional_subset,27
Trapezia bidentata,3,0.16666666666666669,1,0.8333333333333334,-80,Proportional,FALSE,obligate_plus_damselfish,functional_subset,27
Trapezia bidentata,6,0.33333333333333337,1,1.6666666666666667,-80,Proportional,FALSE,obligate_plus_damselfish,functional_subset,27
Trapezia punctimanus,3,0.16666666666666666,0,0.16666666666666663,1.665334536937735e-14,Proportional,FALSE,obligate_plus_damselfish,functional_subset,27
Trapezia punctimanus,6,1,0,0.33333333333333326,200.00000000000006,Proportional,FALSE,obligate_plus_damselfish,functional_subset,27
Trapezia areolata,3,0,0,0.16666666666666663,-100.00000000000001,Proportional,FALSE,obligate_plus_damselfish,functional_subset,27
Trapezia areolata,6,1,0,0.33333333333333326,200.00000000000006,Proportional,FALSE,obligate_plus_damselfish,functional_subset,27
Harpiliopsis depressa,3,0.6666666666666667,0,0,NA,Proportional,FALSE,obligate_plus_damselfish,functional_subset,27
Harpiliopsis depressa,6,0,0,0,NA,Proportional,FALSE,obligate_plus_damselfish,functional_subset,27
Gobiodon unicolor,3,0,0,0.16666666666666663,-100.00000000000001,Proportional,FALSE,obligate_plus_damselfish,functional_subset,27
Gobiodon unicolor,6,0.6666666666666667,0,0.33333333333333326,100.00000000000007,Proportional,FALSE,obligate_plus_damselfish,functional_subset,27
Tetralia ocucaerulea,3,0,0,0,NA,Proportional,FALSE,obligate_plus_damselfish,functional_subset,27
Tetralia ocucaerulea,6,0.33333333333333337,0,0,NA,Proportional,FALSE,obligate_plus_damselfish,functional_subset,27
Trapezia bella,3,0,0,0,NA,Proportional,FALSE,obligate_plus_damselfish,functional_subset,27
Trapezia bella,6,0.33333333333333337,0,0,NA,Proportional,FALSE,obligate_plus_damselfish,functional_subset,27
Trapezia speciosa,3,0.16666666666666669,0,0,NA,Proportional,FALSE,obligate_plus_damselfish,functional_subset,27
Trapezia speciosa,6,0,0,0,NA,Proportional,FALSE,obligate_plus_damselfish,functional_subset,27
Dascyllus aruanus,3,13,15,14.833333333333334,-12.359550561797757,Proportional,FALSE,obligate_plus_damselfish,functional_subset,27
Dascyllus aruanus,6,10,30,29.666666666666668,-66.29213483146067,Below Expected,TRUE,obligate_plus_damselfish,functional_subset,27
Dascyllus flavicaudus,3,5.666666666666667,7,7.333333333333334,-22.727272727272727,Proportional,FALSE,obligate_plus_damselfish,functional_subset,27
Dascyllus flavicaudus,6,11.666666666666666,14,14.666666666666668,-20.454545454545464,Proportional,FALSE,obligate_plus_damselfish,functional_subset,27
Pomacentrus pavo,3,0,0,0,NA,Proportional,FALSE,obligate_plus_damselfish,functional_subset,27
Pomacentrus pavo,6,1.3333333333333333,0,0,NA,Proportional,FALSE,obligate_plus_damselfish,functional_subset,27
Chromis atripectoralis,3,0,0,0.33333333333333326,-100.00000000000001,Proportional,FALSE,obligate_plus_damselfish,functional_subset,27
Chromis atripectoralis,6,0,0,0.6666666666666665,-100.00000000000001,Proportional,FALSE,obligate_plus_damselfish,functional_subset,27
Stegastes nigricans,3,0,0,0.1666666666666666,-100,Proportional,FALSE,obligate_plus_damselfish,functional_subset,27
Stegastes nigricans,6,0,0,0.3333333333333332,-100,Proportional,FALSE,obligate_plus_damselfish,functional_subset,27
Dascyllus aruanus,3,13,15,14.833333333333334,-12.359550561797757,Proportional,FALSE,damselfish_only,functional_subset,5
Dascyllus aruanus,6,10,30,29.666666666666668,-66.29213483146067,Below Expected,TRUE,damselfish_only,functional_subset,5
Dascyllus flavicaudus,3,5.666666666666667,7,7.333333333333334,-22.727272727272727,Proportional,FALSE,damselfish_only,functional_subset,5
Dascyllus flavicaudus,6,11.666666666666666,14,14.666666666666668,-20.454545454545464,Proportional,FALSE,damselfish_only,functional_subset,5
Pomacentrus pavo,3,0,0,0,NA,Proportional,FALSE,damselfish_only,functional_subset,5
Pomacentrus pavo,6,1.3333333333333333,0,0,NA,Proportional,FALSE,damselfish_only,functional_subset,5
Chromis atripectoralis,3,0,0,0.33333333333333326,-100.00000000000001,Proportional,FALSE,damselfish_only,functional_subset,5
Chromis atripectoralis,6,0,0,0.6666666666666665,-100.00000000000001,Proportional,FALSE,damselfish_only,functional_subset,5
Stegastes nigricans,3,0,0,0.1666666666666666,-100,Proportional,FALSE,damselfish_only,functional_subset,5
Stegastes nigricans,6,0,0,0.3333333333333332,-100,Proportional,FALSE,damselfish_only,functional_subset,5
