metric,p_value
delta_interstitial,0.99205721823622794
delta_max_height,0.87952956571661
delta_surface_area,0.8050973739937062
delta_volume,0.35865587819328826
